$aa,$sced,$cplx,$site,$resl,$acap,$etat,$rely,$data,$prec,$pmat,$aexp,$flex,$pcon,$tool,$time,$stor,$docu,$b,$plex,$pcap,$kloc,$ltex,$pr,$ruse,$team,$pvol,+Kloc,-Effort,-Months,-Defects,-Risks
4.419725246142177, 1.325816258670526, 1.5259842456484318, 1.0000009842103696, 4.280256344556149, 1.1876663446933606, 5.769728844012159, 1.2600007164826783, 1.0000001782041734, 5.4101105316674545, 7.578934990523897, 1.0139327603946326, 3.4630193556528246, 1.0318068144455048, 1.081334584246203, 1.6288301860442038, 1.0182976340414605, 1.095023157211226, 7.547495294391846, 1.0000007787583833, 1.0000008290113407, 83.12296318743792, 1.0088845728365636, 4.371168319788741, 1.0654724706879037, 3.720037099340444, 0.8700004872246235
3.2399954066844034, 1.07697581450692, 1.6656291483781291, 1.000000280570637, 6.953739705328411, 1.0544859622817058, 4.051635239643572, 1.2600009325916737, 1.0000002429041452, 5.542848361388364, 5.6637113739293365, 1.0116692757212147, 2.51145648875106, 1.0333364702423893, 1.0322154224161357, 1.578899926834992, 1.072820460461067, 1.0567921499933741, 4.732888137581662, 1.0000005112675907, 1.0000005443435502, 76.63598949836904, 1.0627572488471073, 5.968922174774132, 0.9880229864755559, 3.309496035634697, 0.8700008810281977
3.869212219886756, 1.3814158706557826, 1.516126229916789, 1.0000005604924074, 6.275628648992908, 1.0108470733572887, 1.79292002568564, 1.2600004104470044, 1.0000007887932518, 5.234817812504875, 6.909790771894313, 1.0073463154592912, 2.6216551371450723, 1.1125793211954706, 1.061130370690658, 1.4758657768041155, 1.0771057502510561, 1.0262657711304357, 6.549134661750026, 1.0000007446601586, 1.0000005093709308, 97.9799008518587, 1.0466943023182056, 4.389102418887445, 1.054723341719023, 4.091065912329577, 0.8700004623328256
1.701746090787213, 1.21430343347858, 1.5778936696621226, 1.0000007194438392, 4.985534000463857, 1.009860240236544, 4.6508885165828175, 1.2600001352560992, 1.000000660708817, 5.052411252729201, 4.071682018893967, 1.0076113223220016, 3.2093389647307227, 1.0900080485997237, 1.078872136482047, 1.2632512710656891, 1.0122249848614164, 0.9878492306807364, 3.6925978175949314, 1.0000004046741593, 1.0000007265287139, 98.51543680646853, 0.9510067173061405, 2.4173962024910702, 0.9744924520398544, 3.441064581140372, 0.8700000528160821
1.563500182954511, 1.0538422940805168, 1.472680968265511, 1.0000005896360846, 6.454002520374358, 1.1881484166636644, 2.142890540349007, 1.2600002951925198, 1.0000007751490705, 6.101431885420564, 4.1977519958892175, 1.0528324561549893, 3.233855839684585, 1.0199913221170467, 1.078569749373182, 1.0442676735745984, 1.037723127535991, 0.9591375011330429, 8.306624566622606, 1.0000000268638864, 1.0000003846902812, 95.54646090391209, 0.967176141736373, 1.1914878566887217, 1.0572093083157186, 3.8745833130727587, 0.870000044669803
4.40105038494154, 1.2355699838294347, 1.4439727076842923, 1.0000005223864015, 5.000867182866317, 1.0319699459569764, 2.067704125372322, 1.2600000474744006, 1.0000001234541491, 6.1783879244976845, 7.301274521750736, 1.0913919141231447, 1.0291757917315614, 1.0504345354421167, 1.0614140472366584, 1.157876021885536, 1.1345992680143924, 0.9934399226914581, 8.472584751447506, 1.0000006009778177, 1.0000002757749191, 77.9783682483772, 0.9422615984366544, 1.9191536815817587, 1.0465527185284005, 3.508939830615829, 0.8700000385510194
2.6049087678464975, 1.3379818920370512, 1.5672055498087827, 1.0000000992723654, 6.955346718900855, 1.0849496179426732, 1.4000215023082232, 1.2600002451463572, 1.0000000500648825, 6.170748619993182, 5.454279759359132, 1.0999081759009512, 3.2287684814185633, 1.1081265609166009, 1.089618933757439, 1.129056748571061, 1.0150172800699309, 1.041704294599677, 6.614100438170018, 1.000000011974851, 1.0000001384962807, 116.15644995871956, 1.0048767926801572, 2.6816335875256834, 0.9618966722041611, 4.074788960242688, 0.8700007617990845
5.222971175161666, 1.178995737244024, 1.5577239096837463, 1.000000038374338, 6.1757137794752435, 1.1673905840825727, 5.707304480902841, 1.2600001972542225, 1.000000050743875, 5.368167798314267, 6.699727383497612, 1.0486902457837266, 1.9803330287436607, 1.058403225426404, 1.017756721007342, 1.3594141782718334, 1.0683894067118127, 0.9611072483042108, 8.619838425966616, 1.0000006537403687, 1.0000003256506562, 78.09593855998727, 1.064681401559537, 4.3846773890802915, 1.0374976042015052, 3.3132030874278686, 0.870000003062676
5.178066686729454, 1.0772991591631065, 1.5218449470714883, 1.000000245337206, 6.813128956661622, 1.1208137412969996, 3.393451836598044, 1.2600007626869927, 1.0000007743663868, 5.019770407735565, 4.692747065159181, 1.0182023526639732, 3.329272761686326, 1.0667479735694727, 1.0644662444919608, 1.1868357355720152, 1.1245462675444793, 1.070134379443968, 8.66102172630792, 1.000000594577781, 1.000000716961255, 101.0987821487961, 0.971621445997234, 4.943250260708529, 0.9758078851087504, 3.842045691277563, 0.8700007686985752
1.5548053485641384, 1.3283950369603268, 1.5364221312516995, 1.000000207924399, 6.973415306666296, 1.1439887736287484, 3.96392822914536, 1.260000569553416, 1.0000005148139741, 5.564011259255027, 6.263786167533172, 1.0543433472858046, 1.4702511800146654, 1.0273720303494502, 1.0311241158042608, 1.112023247998745, 1.1225573700464124, 0.9853018127700057, 3.4791125596784194, 1.0000002665765948, 1.0000009408971542, 93.05286528583713, 0.9191565273137544, 2.0643420633980005, 0.9698099454971826, 3.6251613646768623, 0.8700003259731222
1.1006100800282343, 1.4245635191666752, 1.5691548456595952, 1.0000006444244554, 5.148557577599411, 1.0084670786823589, 3.302421714549739, 1.2600004256952047, 1.000000331879172, 5.673964741305125, 5.800497102839984, 1.0095523923546124, 3.631857268438382, 1.0384754150758493, 1.024115086380939, 1.448458281792413, 1.0181270962035316, 0.9304785928701359, 7.440352317098138, 1.0000005722406016, 1.0000003643565285, 96.16608534045115, 0.9405122449078219, 5.670780839291952, 1.053813415056135, 3.7287668174225397, 0.8700001472218954
2.384190481831424, 1.2709190690759353, 1.5688969821678282, 1.0000004767593136, 6.436881939441697, 1.00289381578251, 5.431649624559459, 1.2600000453634486, 1.0000005817304554, 5.87229789957924, 5.836178344338379, 1.0817506853339438, 1.7582763462715487, 1.1122021324705678, 1.0701129481992757, 1.4359476555440986, 1.1545276030881761, 1.042573349225558, 4.260394621170496, 1.000000735402146, 1.0000009293181287, 105.12252620509004, 1.0089487847999448, 3.090637832428244, 1.0658679271749953, 3.3476051632833403, 0.8700000122979066
2.6294083565608313, 1.3781568803377016, 1.7197847843416878, 1.0000005783195796, 4.993761125915666, 1.1256927654142435, 2.8601947961169203, 1.2600001472564024, 1.0000001270026995, 5.393492416574365, 7.3751733180675885, 1.0047150267677558, 3.619883847526216, 1.0597468306135485, 1.0399367812725784, 1.3041185608101535, 1.1048029849940333, 1.1088653494733562, 4.47024627420673, 1.0000001095734874, 1.0000002730972084, 99.28006982456459, 0.9972365335791668, 1.7978750304092486, 0.9658603858203784, 3.8500929037512686, 0.8700003062168983
1.5148137195759983, 1.2800930815181937, 1.3728549270942847, 1.0000002768464384, 6.254952888309027, 1.1877804598024078, 5.505885422131701, 1.2600003321646336, 1.0000001743450195, 5.701926331491078, 5.6417367958390745, 1.0330016457710944, 2.9752365840846933, 1.0579845094536242, 1.0195781820356855, 1.6012704567784315, 1.128918231428194, 1.0696571190111557, 5.272688769576472, 1.0000007554961883, 1.0000009721036784, 104.21458147183063, 1.0050208312374727, 4.257604777173873, 1.0623428246738673, 4.207981790075477, 0.8700008496798799
5.286753966691287, 1.3588836507951114, 1.7001772870314469, 1.0000009096349705, 6.500578284423383, 1.1674597664154511, 4.790461269484718, 1.2600005451275396, 1.0000003269532627, 5.563954005685839, 4.502572239465469, 1.0585668029832802, 3.342022616120846, 1.0413768571988395, 1.0519995116101737, 1.4106375480242261, 1.1354882254006415, 0.9481925206365156, 9.537492152008152, 1.0000004863880925, 1.0000009205318083, 121.22994687787201, 1.0829224469228975, 5.984361813737002, 1.0688547597198508, 3.9422760521880016, 0.8700000989014168
5.640357799827553, 1.4214345096883596, 1.5164904255407943, 1.00000035571548, 5.704954469681805, 1.0738704292293357, 3.354804775192723, 1.2600005796944522, 1.0000004595210958, 5.9749626405755345, 3.502138124256505, 1.0562991130322543, 1.348178579849236, 1.0276769506737304, 1.0766808338091356, 1.088251582912441, 1.1406409957876602, 0.9393115894874619, 3.9925823291269418, 1.0000008755368006, 1.0000006311358787, 110.0087251736374, 1.036636686880598, 3.514221349967239, 1.0250284080564693, 3.4254756585360617, 0.8700005884236506
1.807356964830015, 1.1068725033218587, 1.57355853641928, 1.0000006211474353, 6.857802370696028, 1.003241958852759, 5.865673933758885, 1.2600004877004902, 1.0000007454956383, 5.073740782980188, 7.05251881433006, 1.0509188709489166, 3.418660436882573, 1.0416703214393783, 1.0858474327204928, 1.6291408832535295, 1.0611389149653023, 1.1009882371401414, 9.79537295029055, 1.0000001192391386, 1.0000006509270367, 112.51515015764977, 0.9987796024545177, 1.60558793073709, 1.0407733940654489, 3.968629700038125, 0.8700004973261928
3.081515121795175, 1.4146359999188047, 1.5790035816695165, 1.0000001058486143, 4.330587025292274, 1.0584927804071305, 3.2306347124554637, 1.2600001067781699, 1.0000000210929791, 6.110657730263137, 3.172281677525096, 1.0595705302823077, 1.6873450088567998, 1.0499906166188588, 1.0606223924989722, 1.3425217150559807, 1.1574759479954624, 0.9471473950614473, 3.1160717261556403, 1.0000003101084893, 1.0000006955329417, 123.52314313945057, 1.0853244232864863, 5.154243042816196, 1.0640172890548218, 3.4111466154066554, 0.870000886988505
1.8647818522215134, 1.3941984466884356, 1.5179841436731492, 1.0000007303776435, 4.469718811066315, 1.1218526862672187, 4.041853073744117, 1.260000923140383, 1.0000003344642818, 5.466364187060187, 7.160251310198771, 1.0619167552996345, 3.2743328616431446, 1.0682804747134216, 1.057963955828746, 1.3803823813931557, 1.0482656720952614, 1.0091458048289375, 7.323037653420566, 1.0000002713468494, 1.0000009041213411, 76.7518055973031, 0.9309019735700212, 2.0342838733231168, 1.0681240256936664, 4.192189838751911, 0.8700000199695125
2.1545273608705235, 1.1057661142474748, 1.3637205449613197, 1.000000924450462, 6.614592760987879, 1.1003307699666598, 2.55857158442896, 1.2600003754637217, 1.0000002738722096, 5.770647511212381, 4.270603418290769, 1.0940324635335286, 1.3413836208755523, 1.0801102740726207, 1.0753073997842955, 1.4777846368008378, 1.0089462102176694, 1.0100166761307492, 7.52568637497175, 1.000000929928437, 1.0000003670037847, 91.38714431054288, 0.9996546144389371, 4.013872168558061, 1.055313505900872, 4.205326751964811, 0.8700005618111177
4.172945709025253, 1.330714296380718, 1.3615413907659182, 1.000000601783464, 6.173955373608468, 1.1148844004123493, 3.64313705487675, 1.2600005853684615, 1.00000023724529, 5.89516055202327, 6.118887557953528, 1.0422768223250412, 1.569833876208237, 1.0329541139230713, 1.0816966489742075, 1.2341341257880176, 1.011897841339449, 1.047637746097113, 8.520628717171732, 1.0000008917411527, 1.0000003075523067, 107.20162307526181, 0.9884075194755444, 4.263218999331212, 1.0059163396732376, 3.357663959551669, 0.8700007551565148
3.8601763517409218, 1.1520441435259112, 1.5998924077340206, 1.0000007067214998, 6.976327502292062, 1.1585924049990242, 5.597763103267588, 1.2600009507338343, 1.0000007970828029, 5.038459932688914, 5.720614603112684, 1.0748756139928304, 1.699299399581343, 1.0204835332174536, 1.0724284231986392, 1.122279919132928, 1.086060384569118, 0.9120974749873683, 4.057256941303523, 1.0000006123016685, 1.000000124135779, 110.05054468527975, 0.9857580335342075, 3.9484833688512198, 0.9669465782519332, 4.10910467436272, 0.8700007425043715
3.9218319676852063, 1.2102205936764303, 1.5890049847854733, 1.000000630984551, 6.845739730221805, 1.1810083646264644, 4.245279983991343, 1.260000097476931, 1.0000003527733954, 5.13491693485998, 4.426453800859595, 1.0001301335531383, 1.4861258648422162, 1.0122667941946082, 1.0332911319907385, 1.0803044975537106, 1.104180497321523, 1.1077525659488894, 6.386404598666147, 1.0000001588122958, 1.0000005706235193, 124.67572149647003, 0.9886756121803282, 1.3149268560025136, 0.9625670352800753, 4.155076667575324, 0.8700001781147426
5.779540076762434, 1.3821739634190446, 1.5355117926203639, 1.0000004443156896, 5.154932454973658, 1.1001752090920736, 3.617318681029884, 1.2600009221117199, 1.0000007609172916, 5.491282045182604, 4.929388877928236, 1.090530157914978, 3.530925068652439, 1.0774845274661484, 1.0772441770050842, 1.082494287072661, 1.1259390187892913, 0.9344445036963485, 4.605460266939296, 1.0000003347383375, 1.000000202990118, 80.27028097537315, 0.9612934466194708, 1.3460918834724869, 0.9691870162875642, 3.718301560280673, 0.8700004316363875
2.436249290261147, 1.4220396652530758, 1.5200070405200923, 1.0000003846887815, 7.031453378676424, 1.1463747340332984, 2.449014447992469, 1.2600005432058963, 1.0000001010001789, 5.949517034159218, 4.321109684514921, 1.085609825492091, 2.502212192984612, 1.0824634351573168, 1.0716192022443882, 1.4090190156334848, 1.0003990512790326, 0.939862598700586, 3.6675541658376827, 1.000000040646142, 1.0000009385604822, 97.99602725210599, 1.0068979048254725, 3.9645874395075515, 0.9826900219322403, 3.356797784541584, 0.8700005450827258
2.375628072106356, 1.225319364655837, 1.6983107186405666, 1.000000813072464, 6.720116241007089, 1.082513165612368, 4.179784554675943, 1.2600005047819578, 1.0000006734446754, 5.753956857248301, 3.24178047031777, 1.0938901440933597, 2.5919455096385335, 1.06137252390846, 1.0885003350339235, 1.098868447666884, 1.0084629399287643, 1.0694994987642605, 6.629148430511651, 1.0000003465795468, 1.0000005003746397, 93.77485810655156, 1.0627922550521354, 4.52848327512689, 0.9601851735573933, 4.219026716974452, 0.8700007358832285
2.439319540619003, 1.3648289118276304, 1.3849055860485964, 1.000000958592856, 4.645493379411469, 1.1664156043633682, 1.4498969111738493, 1.260000931216264, 1.000000716534665, 5.13538641282779, 7.71667242603473, 1.0321630327151499, 1.292603130860639, 1.0096756590807088, 1.0481785723009256, 1.0287691377317327, 1.0412762031693321, 0.9751906705980344, 4.736139689888675, 1.0000003272787314, 1.000000397925982, 94.51241917650182, 0.9207927433166377, 1.7433709219544837, 1.0661739310254992, 3.9482152137054567, 0.8700006123376975
4.192042744756489, 1.0906556995551495, 1.6162328515986981, 1.0000007391069534, 4.7815878973625665, 1.0382516264967125, 5.812900653576311, 1.260000771131746, 1.0000002005741733, 6.008497596146629, 4.7002174500927065, 1.071626465634016, 1.2970394644043215, 1.0822742478357033, 1.0606393317138505, 1.5533041986119707, 1.1516735834290897, 1.0141697111207824, 5.772977482661931, 1.000000659063298, 1.0000001917404728, 100.03443522756658, 0.9417936750822292, 4.565345696935741, 0.9916606782740276, 3.6310555838608147, 0.8700001865649278
3.226770067013, 1.3944324202490868, 1.3779439100965056, 1.000000320616496, 5.457032166366534, 1.0238627948925374, 4.759229789514254, 1.2600000315222666, 1.000000859482287, 5.6028431393759535, 5.3729189419604655, 1.029237592952217, 1.1960112584042415, 1.069568821345235, 1.0726034620718885, 1.184294988827281, 1.08405321178905, 1.0757912312933606, 5.537065386100661, 1.0000007237752182, 1.0000006926705096, 105.45677799812466, 1.0629877796373317, 3.2891152855010386, 1.0441270898616364, 4.051732731671755, 0.8700004476213616
2.3181777746612715, 1.105508909607594, 1.4493627450404727, 1.000000360727443, 5.085487463264011, 1.097130142235267, 2.331264851866498, 1.2600007441398609, 1.0000007789950147, 5.5556244212010855, 4.231715687629711, 1.032396323377914, 1.371819507791542, 1.021426744727544, 1.0252592218775096, 1.3110301208030595, 1.1490496705301771, 1.0096847946453256, 7.4162071878317075, 1.0000000772034312, 1.0000005252770845, 104.96660440130512, 0.9408346673038991, 2.6552502291349724, 1.0672202590280944, 4.161990518593276, 0.8700008101235923
3.652570831309559, 1.3704968647548994, 1.3587227109848825, 1.0000005657381612, 7.034638138218408, 1.1570598488829664, 2.6377216096728824, 1.2600005477845124, 1.0000001020583744, 5.287379651993302, 7.028023779833069, 1.0390951510079036, 1.3431296527463963, 1.0212784753448108, 1.066788591156892, 1.356804844816754, 1.0715097979085408, 0.945155133506693, 9.105180171103123, 1.0000000057860925, 1.0000009688517932, 100.54750271454174, 1.0320265737239405, 5.704841259185229, 0.9859892920602706, 3.5117929123833966, 0.8700001921598713
2.5672161537724962, 1.3225914282699676, 1.5278651698287486, 1.000000896988868, 6.542414667583049, 1.1460891095839212, 3.78555541785088, 1.260000065451659, 1.0000008729969645, 6.100364674200726, 6.9599015526437435, 1.0469305499853403, 2.5720581136567713, 1.0187115124935877, 1.0802238312837902, 1.2636061044628535, 1.060984813589522, 0.9848853564903872, 5.524408972398965, 1.0000001093019357, 1.0000006395835745, 119.798331314061, 0.9889883781974672, 1.8240612222458954, 1.0085738594816758, 3.859500817050553, 0.8700005939073424
3.2815125297273138, 1.4198103523056012, 1.611808022116989, 1.0000002998106903, 6.894937340025216, 1.0696879533737929, 4.938399751621987, 1.2600009879688756, 1.0000000798852564, 6.1483778683432595, 3.223548959749939, 1.0619990672054942, 2.4526056343803115, 1.0259497555858457, 1.0176405703803748, 1.2162789812274206, 1.1621758850234434, 1.0436323055654968, 6.6203921771852645, 1.000000629332332, 1.0000007543444611, 85.05718933253978, 0.9997050289815135, 5.5613916823700915, 0.9995195448219224, 4.0383430836690675, 0.8700009236394577
5.765289847336456, 1.1801981291168473, 1.5597501781822363, 1.0000003660020995, 5.465200390692171, 1.0136422392724838, 3.490447269651415, 1.260000547657748, 1.0000007328702007, 5.726126616138554, 5.933907360036445, 1.0403933509067627, 1.344841323030162, 1.0634504236654145, 1.0639564584347387, 1.5702090979378767, 1.0392897373524363, 0.989940764218486, 8.077124961933785, 1.0000007886180295, 1.0000000518973675, 100.90801799472084, 0.9588671296204943, 3.3106712908265763, 0.9763826068023196, 3.8995788106541154, 0.870000992853073
5.016972831441268, 1.0522091333036663, 1.7058414170785492, 1.0000000341805066, 4.461028362615712, 1.0949317581153322, 1.3210822516813971, 1.2600003064485916, 1.000000148186545, 5.382652108231301, 6.376265372000054, 1.0984471316848228, 3.8481249341725716, 1.1149653488955449, 1.0156522905886258, 1.3994882856465556, 1.0801968486096365, 1.0045582238255157, 5.95262412068252, 1.0000000475050468, 1.0000001146995416, 81.2870264896527, 0.9983971536466179, 2.077614095445668, 0.9953006713156667, 4.376229764150036, 0.8700002916748073
3.890003031916076, 1.3660586908155867, 1.4650460403214307, 1.0000004977185806, 5.366521511472551, 1.0351595934423667, 4.562621019825948, 1.2600002828589547, 1.0000005483593895, 5.110950946230524, 6.1756460258038715, 1.030067440933944, 2.045127742269764, 1.057289309609889, 1.0045188837746781, 1.5212526448601325, 1.046297936288182, 0.946348128231767, 4.768639019045401, 1.0000009119221573, 1.0000001871423305, 124.10720600585093, 1.0762964046938055, 2.2798052740688655, 0.9564837223600416, 4.338928445566549, 0.8700006918954973
4.988058743404908, 1.3006512090694269, 1.3582819092115441, 1.000000528090958, 5.799238533510248, 1.0846268069830103, 5.203042939342741, 1.2600005149406721, 1.0000005366022606, 5.236969597469829, 3.902884222563647, 1.0526521297495681, 4.036216960901577, 1.093766432024476, 1.072761210484745, 1.1781776561735908, 1.086216602517235, 1.0564467408864866, 9.384668101385888, 1.0000007147371401, 1.0000003211608306, 84.4061536956087, 0.9406294577438952, 4.650491837564102, 1.007169938901277, 4.223378928121801, 0.8700008267053194
5.4948748657148405, 1.0902382139766447, 1.6503229667772554, 1.000000981015428, 6.071593678789501, 1.0558941068157914, 1.0695754737813932, 1.2600009817817504, 1.0000007767783985, 5.797340228255368, 6.123923921329872, 1.061470850333006, 3.819205404477705, 1.086569575187612, 1.0156695471775978, 1.1221544051815797, 1.1516468625990255, 0.9798639980247745, 3.3305183212646017, 1.000000044588408, 1.0000008861915821, 116.1663474053008, 0.9189075865376745, 3.9320928875651004, 1.0128690763916905, 4.193364359111778, 0.870000050105723
2.807774743236764, 1.0950438194990089, 1.459764542555015, 1.0000009083759553, 4.7425977859030635, 1.1822556794348, 3.716083881506396, 1.260000463886663, 1.0000003516647202, 5.347058322923552, 6.0458931005679375, 1.098183152310378, 2.5146695948204085, 1.0364390869816311, 1.0877806751805161, 1.4064564286780983, 1.087816643082897, 1.0237901575022226, 3.9646185669692384, 1.0000009711532403, 1.0000004547103356, 121.34600543824969, 1.0509699448379066, 2.936508517534299, 1.0419040557738815, 3.9380296085270485, 0.8700000579530608
2.2760859960348125, 1.1190699309790724, 1.647442850473219, 1.0000001762501212, 5.449323132091373, 1.117624386743852, 1.950028924109898, 1.2600005128799228, 1.0000007588312638, 5.839244394342929, 4.919150869537239, 1.0988780452146882, 1.953955996222803, 1.0039671603646798, 1.0084118908992956, 1.4063650793963025, 1.1301923857311698, 1.005028871586985, 6.506950204553533, 1.0000000639437696, 1.0000007077261528, 78.91049904267639, 1.0812316590020061, 2.3940931848752927, 0.9597769342909434, 3.9371553465868008, 0.8700003345329903
1.2708133204282437, 1.1372540972688596, 1.6237156161719655, 1.000000107657397, 4.857649180995386, 1.1521868016120431, 4.952796507954778, 1.2600003848356662, 1.0000004418855328, 5.835729546322308, 3.496906252591442, 1.0285594452692544, 3.646427812136837, 1.0794472572032594, 1.0340235095292838, 1.2649230180383455, 1.1604829961443217, 0.9819005859327539, 3.2381907711507214, 1.000000741995119, 1.0000003382446228, 122.64344978859243, 1.0446028691554192, 1.1331416386598006, 1.0569606082359784, 4.071537782552664, 0.8700008187541199
2.903230827468438, 1.3051017811045424, 1.4848190827415475, 1.0000005074391347, 6.482505117781317, 1.050657035008543, 1.5638795291407566, 1.260000774933511, 1.0000000017145056, 5.231646294073286, 3.7723969951130383, 1.0748803192590484, 2.578983665785543, 1.037771211475693, 1.0587372493098852, 1.1463910346938229, 1.14745875553263, 0.9848299656677786, 7.82634864726626, 1.0000005474159974, 1.0000000154390747, 78.3083146779564, 1.0052523376503781, 1.6220359386690955, 1.0041846381904302, 4.292731537436102, 0.8700008384970771
1.6287446546667008, 1.338693079162744, 1.431768958342523, 1.0000008951031318, 6.942784838137035, 1.1185661077517854, 3.2385863863155637, 1.26000019385648, 1.0000002576158211, 5.384040153732215, 6.643249242008959, 1.0364154686823226, 1.5857253694484768, 1.0760569417718155, 1.0476237562615167, 1.1753663796250085, 1.144361244841249, 0.9189037672689309, 7.624262533225826, 1.0000004262587443, 1.0000002203515352, 118.84914624203432, 1.0832783661116032, 1.9572028204889194, 1.039717912528106, 3.864706940595615, 0.8700001471038009
2.0967428689122656, 1.0918970345089276, 1.6219851458936594, 1.000000542042899, 5.022526704871763, 1.1173690007221069, 3.4954242740790065, 1.2600006310823526, 1.0000000481868956, 5.061227923366879, 6.472579064494489, 1.0689772230160146, 2.049558780495544, 1.0218159250198084, 1.0732343568488842, 1.5910493670370416, 1.0873660784987351, 1.0623690332684266, 9.868381387902106, 1.0000008261759803, 1.0000003678765257, 87.2124606264202, 0.943753608129273, 1.444006994655492, 1.0530324423290474, 3.637430524649433, 0.8700001394626742
1.7052032608227328, 1.0669738034140301, 1.5441967476056075, 1.0000001534677458, 4.323598510725439, 1.0271183029446218, 4.274828779834097, 1.260000109745464, 1.000000210916334, 5.592919833847489, 4.8268733009394, 1.0400578309708395, 3.5181911237359396, 1.061225295764639, 1.050809763366655, 1.3536284553111633, 1.0634957121120214, 1.020995589976907, 9.749879968899497, 1.0000000234663322, 1.0000009488698804, 120.94639594867667, 0.9864249190963644, 5.915105648289407, 0.9716075951975794, 3.9314041952355216, 0.8700009818076765
1.8091330818826687, 1.2656809716261779, 1.4423558106370518, 1.0000007473820973, 4.33824913504452, 1.159180082822009, 1.0738308221370176, 1.2600005245223715, 1.0000006696011845, 5.11634919590908, 7.43135019296498, 1.0408758834276948, 1.8319898693634813, 1.074718044122156, 1.0813129434747948, 1.1869158345617739, 1.137645273611863, 0.9841341916412777, 6.145641207424922, 1.0000008621682015, 1.000000672100619, 84.42591641950894, 1.058483867761322, 4.956258505019115, 0.962945639793342, 3.3762434948397217, 0.8700006713490124
5.3989160732205494, 1.050171728218634, 1.6995100116827273, 1.0000007765190972, 4.7261680537465365, 1.0299173087655042, 4.926046380685693, 1.2600005102120615, 1.0000001947285033, 5.798729048241856, 3.4339539407750426, 1.0933406005373028, 1.506322572870316, 1.043113625963544, 1.0715978049461092, 1.5302643935665423, 1.10411203070521, 1.015950560076617, 5.6196880002345555, 1.000000624594229, 1.0000003800103876, 88.21296318157084, 1.014568891472451, 5.749209222998628, 1.0536316293941943, 3.6417028243726537, 0.8700004505013644
4.432284440666839, 1.0633591124683626, 1.5118050531267775, 1.0000005310267008, 5.526401644080868, 1.0562719914386178, 1.4680542266535448, 1.2600002966725, 1.0000004575284038, 5.812529916271902, 5.275920894560202, 1.026944062560109, 3.41118640531068, 1.0384047257025664, 1.0104783599177432, 1.4830569385701686, 1.1599835843712931, 1.0836740760774055, 8.198325648321592, 1.0000006671954436, 1.0000002289033632, 75.02739454231734, 1.007992465545148, 2.6473684094212953, 0.9613074280817703, 4.102558463345758, 0.8700009463519621
5.027478688460945, 1.213131641962567, 1.7251834793391305, 1.0000004028162044, 4.367359945065051, 1.0111979185882898, 1.207600389407051, 1.2600004185651845, 1.0000005515961963, 5.646110157895478, 4.253549829495361, 1.0297889430183296, 4.049160014158908, 1.0213782915674336, 1.0289083094135567, 1.6294723135091322, 1.0163265782511761, 0.9516139067734756, 5.425602835806976, 1.0000007490792018, 1.000000956061476, 97.4017450819307, 0.9201934175605699, 4.021678802153188, 1.0538023410720538, 3.4674613413117106, 0.8700005764592647
2.4574404340161236, 1.3119013214891382, 1.3425427530438465, 1.000000335168743, 7.068652845729946, 1.1003757434858454, 2.8689542931217753, 1.260000822836666, 1.0000006948955122, 5.0830884863885, 4.665343739371444, 1.0270551624758257, 2.498986947671621, 1.1199538288907345, 1.010937209548142, 1.471205480927278, 1.024580883876681, 1.0824570998680905, 4.170084497971304, 1.0000007719657484, 1.0000001192891015, 97.87669011856875, 0.9387475919428541, 2.931229728722657, 0.9767823525977779, 4.022241029586225, 0.8700005386485011
3.4194786581103984, 1.176231199825189, 1.5613079335470113, 1.0000004901270656, 6.660794603085911, 1.1690367812169327, 1.0763535773737756, 1.2600007315056285, 1.0000005979845126, 5.808912603178794, 6.279071988955764, 1.0923858647058173, 3.8788550014212664, 1.094540301541044, 1.0887953568692765, 1.3937393417598403, 1.0410530612975903, 1.1054600079881505, 8.13549028812633, 1.0000005317687894, 1.0000001768589784, 97.44085512288868, 0.9835867382543771, 5.9375438406540715, 1.0276108177076522, 3.963236404531005, 0.8700006257192437
2.756578464250852, 1.4028743505925638, 1.3615281233739236, 1.000000903148213, 6.95234533301856, 1.153998155045177, 5.941199708292709, 1.2600005465583612, 1.0000006937117956, 5.657053762585377, 4.903087850940638, 1.0489337685609292, 3.2168194980855818, 1.0068701568898388, 1.085759622273173, 1.1984709888435654, 1.0429866969561796, 1.009523166085974, 5.377481823849118, 1.0000003184347999, 1.0000009343949643, 75.09641826248006, 1.0558044627086602, 3.166950011020573, 1.023383376838261, 3.612094902660025, 0.8700006484886366
1.8223229525424318, 1.0991651385438583, 1.4739793760054734, 1.000000444692271, 6.850879557465721, 1.0212855068778453, 5.194526328290601, 1.2600009269019476, 1.0000005986462108, 5.774345901828203, 5.448897775837466, 1.0136281684840134, 2.0224421488987625, 1.0944884352555704, 1.0687789565405472, 1.1598071488789767, 1.0122270167145753, 0.945478027397803, 8.259540571822749, 1.0000006402666726, 1.0000004928480828, 83.48558351048923, 1.030218869343663, 4.524338998135976, 1.054276756768011, 4.0486707814583, 0.8700004389233681
1.3624907828501795, 1.3535892950263986, 1.4648220622435484, 1.0000002780559658, 5.983297848911514, 1.000765331098813, 5.639342948787391, 1.2600005175524933, 1.000000267766646, 5.595367630080029, 3.7831092862265336, 1.061872730522309, 3.051673225134649, 1.098665030252452, 1.0049952306892984, 1.025749383153732, 1.0209892525631632, 0.9736966029402327, 7.1113968703927695, 1.0000008799145963, 1.0000009567334782, 110.91912871479121, 1.0860419576139033, 5.803830611345765, 1.059907632878207, 3.7236600853586377, 0.870000487648696
3.4775685232001594, 1.0911232512698197, 1.3433317398039017, 1.0000005767514923, 5.707862146141914, 1.1074877444629292, 5.7979627170515, 1.2600003688731227, 1.000000812448128, 5.4212417400414505, 6.798060198336932, 1.058845039300662, 2.692654553948393, 1.0025359712979867, 1.0543927553560708, 1.1654790709090959, 1.1256431791484083, 1.0363925828604692, 5.98390693204243, 1.0000001813502086, 1.0000006572860034, 87.44086745734595, 0.9874521791795401, 3.6754393292093837, 0.9933300682682128, 3.711009180390103, 0.8700006618719173
3.3887576717641656, 1.3331285971359583, 1.558741966697985, 1.0000008169587489, 4.851820857079962, 1.1554296286967904, 3.5520819739955245, 1.2600001849273432, 1.000000077740736, 4.966786618550003, 3.2825581704614866, 1.098301108662322, 2.918785773618023, 1.047637059607286, 1.0586723729486538, 1.5703898374809575, 1.0166033954984022, 0.9732380627359793, 9.378963604407682, 1.0000002641316965, 1.0000002216141737, 121.51569823238555, 0.9560385700787359, 1.883840390723255, 1.0220191115966075, 3.9921638145227827, 0.8700007902334896
2.9986953027197774, 1.0040864462808627, 1.472171610368827, 1.0000001682828277, 4.639494122812113, 1.0632053078836816, 3.634114917519521, 1.2600009574573674, 1.0000005028573253, 5.37612795001752, 5.489037513122881, 1.0371354042441872, 3.8323702875352392, 1.0588446918620371, 1.0313851075404337, 1.3248220283347276, 1.0193625278162006, 0.9409976761645802, 5.660069373102081, 1.0000006537858215, 1.0000007304590093, 78.31705376071852, 0.9789670468445154, 4.035639534148213, 1.0674546822834616, 4.099321667960589, 0.870000251979235
4.002751952713198, 1.2039622458651014, 1.563046023810041, 1.0000003895989467, 5.037718898839233, 1.0125002327793, 5.4981569548005975, 1.2600009976869184, 1.0000002784855315, 5.949343956455525, 7.18421478634054, 1.0632479882241648, 2.60081357414414, 1.0406527545246467, 1.0115572046719392, 1.20214216775537, 1.0864133619726457, 0.9960701022054007, 7.224703895639285, 1.0000002006248427, 1.0000009247607626, 111.90891141815031, 1.0485255141126244, 4.6833341349004725, 0.9925797789287516, 3.917351733308106, 0.8700008574298219
4.311532001259575, 1.3339261038528902, 1.6016371202418946, 1.0000008657783128, 4.77828362546629, 1.048421075511886, 2.7096907569486106, 1.2600006272259556, 1.0000008164201315, 5.520767064197033, 3.5098665924221093, 1.0647848272346494, 3.6881459892449886, 1.092867283165901, 1.076590216841906, 1.1462387759636787, 1.0126324989498006, 1.011597686064593, 7.642052211871134, 1.00000008729707, 1.0000001961349942, 79.95147948988358, 1.0407644400186316, 4.154305615453874, 0.9517744111978269, 3.7841268446039695, 0.8700004704889561
4.490668317025515, 1.0217223982043282, 1.6048496772976946, 1.000000625540792, 4.265938937865119, 1.123699251971631, 5.870827535241568, 1.2600006539855415, 1.0000007182593342, 6.175648372653218, 4.361836511586916, 1.0335965839976597, 1.280082649737686, 1.0697220112016026, 1.0739793028340068, 1.3337027646624948, 1.143221743269047, 0.954787316772261, 8.890994514082076, 1.0000002382240454, 1.0000002657397304, 111.69887972398577, 0.9589478311669604, 1.2885406599042466, 1.0339891639841208, 3.5896704734366724, 0.8700002189752729
2.35425704911347, 1.3835910554713036, 1.3502141628127116, 1.0000000726805942, 6.320778808638753, 1.047124820482025, 1.171791864512899, 1.2600002850837648, 1.000000724250141, 5.312938851803319, 6.293326609689343, 1.0877912356360047, 3.8988176392131813, 1.1115248496191887, 1.0132328646935125, 1.0770917163631581, 1.147827263164557, 0.9615388966111248, 4.560669652744972, 1.0000003082438533, 1.0000007372800261, 114.19446532864254, 0.9878836228179444, 5.288637180511519, 1.0122908739191119, 3.985793837805024, 0.8700004113763824
2.714550882543287, 1.1657838835023766, 1.510908353868697, 1.000000840704081, 4.6390505066851535, 1.0757818346574721, 4.150876517365813, 1.2600009690177825, 1.0000001358588189, 6.169412125202436, 4.468740115080201, 1.0164857048293388, 3.388208727768471, 1.0516587353869187, 1.066671193648401, 1.4768535585859228, 1.0896482469318083, 1.020140072077452, 6.136471801097155, 1.000000602796103, 1.0000001550524815, 115.93111743162844, 0.9867742520481734, 4.470389311236491, 1.0305269155583479, 4.101206103369614, 0.8700006063238007
3.8615676465987, 1.2609234005163046, 1.5019117280226457, 1.000000876684112, 6.485414710274819, 1.0716152805831283, 1.8479755309395514, 1.2600002703755604, 1.0000002122957017, 5.344132078892253, 5.5928330874742604, 1.0590600209800303, 2.479872191328477, 1.0558117892822738, 1.0795860432149775, 1.048030546466774, 1.1385037946386019, 1.046666891012098, 3.5627982091938852, 1.0000007640730544, 1.0000001910113352, 85.71829984679084, 0.9237637877957301, 1.3129762738181778, 1.0274000452482663, 3.6318611114391084, 0.8700003447972241
3.08916137015141, 1.1003390524133945, 1.4355252165146923, 1.000000093044343, 4.3121893506815185, 1.0840888792058627, 3.8346701114602517, 1.260000033957071, 1.0000008202515374, 5.547607276006516, 7.738349721293691, 1.016924311710537, 2.794021804257564, 1.0705679537788182, 1.080603040079053, 1.3131101152642668, 1.0573330970786035, 1.0798601213478958, 5.7512238636737285, 1.0000001844414428, 1.00000060144913, 121.26157002722927, 0.9397500879327446, 4.777808053936562, 0.9605274396354813, 4.181624110588085, 0.8700005876524732
5.584426634241848, 1.3033170509241812, 1.6526737485305207, 1.0000006310620657, 6.038093516628443, 1.027788123835552, 5.438269398508805, 1.2600004647072829, 1.0000000266268099, 5.005189426260171, 7.0338817447512145, 1.059693147541259, 3.3457226817940775, 1.111025343391975, 1.0642971943493038, 1.1658784516362957, 1.070732332863527, 1.058218603812201, 5.551039821121422, 1.0000000873475297, 1.0000004947576007, 83.77431862100792, 0.9692718733122373, 1.9829690539383167, 0.9972015768330008, 3.805243821642809, 0.8700007895072237
3.3120335306254667, 1.220283511032084, 1.5279492436378628, 1.0000005343381302, 6.70835288652256, 1.0563849677218156, 1.798026784698489, 1.2600007166984784, 1.0000007233367822, 5.021348082429305, 7.481675534242144, 1.0286118279908565, 1.0955399897656952, 1.0085170007745836, 1.0505209224479575, 1.0359512740817132, 1.1420704502073387, 0.9354261948550492, 8.313924466241364, 1.0000009217153565, 1.0000009025197745, 88.25401492756745, 0.9142864670247335, 3.4657314979631684, 0.9760275264038419, 3.7609728059511576, 0.8700000901313313
4.445301718158893, 1.1830761157740333, 1.7212541239294836, 1.0000009276607174, 5.701371864021427, 1.0449786195862751, 5.667043518872656, 1.2600007978173595, 1.000000992382389, 5.0003846884506675, 6.897702077566244, 1.0703978387639148, 2.757019951542425, 1.0655592450573816, 1.0875984960589264, 1.297934754431855, 1.0741345647438758, 0.9845499547007093, 4.322040396596506, 1.0000003936439592, 1.0000003275649918, 123.03586957993207, 1.0743656388422589, 4.110402017744055, 1.016840755822752, 3.4412647540817844, 0.8700007812636712
1.3369835503581515, 1.2860420444159213, 1.6007801165092608, 1.0000000250751655, 6.765517341575272, 1.124890038480907, 3.331743618445561, 1.2600004446375925, 1.0000000426285875, 5.528606920525865, 3.6365000538441277, 1.0399691755564646, 2.997465510178519, 1.0520734371688019, 1.009930717826358, 1.444664010407574, 1.0263483398451325, 1.0864356621315778, 3.486376576264483, 1.0000004918385221, 1.0000001313367404, 116.95473248279771, 1.0537443332886287, 5.102170676602356, 0.950061620339606, 3.3909061512000136, 0.8700007082325072
5.5119874832793965, 1.1695845838211887, 1.6220750052828858, 1.000000764833889, 6.56606431370053, 1.103887247387771, 5.205986289248948, 1.260000322584235, 1.000000094224469, 5.459700986774082, 4.894276477355773, 1.0539015235386682, 3.0020764580459467, 1.0734921826454107, 1.0874080493309657, 1.0343801046315606, 1.0471920132117576, 1.0293707916001489, 8.814341725315241, 1.000000719260648, 1.0000003608494972, 124.50919940777067, 0.9103881503139601, 3.204077255512903, 0.9587045520586073, 3.5501793865321924, 0.8700002288088243
1.4135844578275572, 1.4260042149426784, 1.568680991587273, 1.0000006335922123, 5.4524239554856795, 1.1664264037027892, 3.2098051824147795, 1.260000887627514, 1.0000008336381105, 5.39761678222233, 4.47494172428909, 1.0253332811522353, 2.8953020918806356, 1.0278854086959504, 1.0342037226701206, 1.3705283569638704, 1.0401907743588492, 1.0364559328100846, 6.094223203733422, 1.00000084042956, 1.0000005823079332, 109.06682973087797, 1.0410508375341494, 1.4676122821789064, 0.9763481781088766, 4.378671332503039, 0.8700002831648547
1.699695520974447, 1.3778310647630003, 1.5771263538433882, 1.0000002182124368, 4.553207644488589, 1.1079737329941322, 4.4980546970290085, 1.2600006757542395, 1.0000002001633392, 5.1013533084977025, 3.401598068730139, 1.0735459008902504, 1.4015059862884305, 1.0443815871406443, 1.0253519898405294, 1.3261817343790556, 1.1183324082169774, 1.073738967551982, 9.191368062203827, 1.0000008348821732, 1.0000004705233598, 124.57151014333982, 0.9189514970252814, 4.4448146306955465, 0.9975159343583372, 3.417662295459303, 0.8700005293592507
2.515432447249432, 1.2211009827976995, 1.5226048337716467, 1.0000001698979564, 5.656165152304705, 1.0744007201606174, 3.2919775785186287, 1.2600006291288939, 1.0000000810093868, 5.06269488389441, 6.149391022560744, 1.0639327560239937, 2.6539347299400946, 1.0732529891269502, 1.0234732237899435, 1.5312051890534055, 1.1311524529110466, 1.0854716667388526, 7.058293844829273, 1.0000006354909012, 1.0000009961221503, 82.37321278864079, 1.0647994105843477, 2.4490053186678553, 0.9860331541322744, 3.649910314500615, 0.870000699718041
5.662164316220339, 1.1852120205080157, 1.4223597538575612, 1.0000007480822084, 6.53606873563113, 1.001326271499677, 4.826446452675783, 1.2600004974951589, 1.000000261682145, 5.4127349545980525, 7.619688423953782, 1.046291869141465, 2.2122612682926324, 1.0020639188172036, 1.0622177955433783, 1.0137566529607678, 1.1526932757961548, 1.0602306318233223, 9.089899425190145, 1.0000004919425607, 1.0000006104978574, 108.52860487805214, 0.9913161386751368, 5.746894379218655, 1.0504170674899391, 3.4393254446752457, 0.8700007752920279
1.2019395925484342, 1.175894786592134, 1.503636421954475, 1.0000003055899613, 5.3578182535658145, 1.1468644808196151, 1.3181496595683353, 1.2600009705944035, 1.0000008939558191, 5.44821688835633, 3.5093820332781, 1.0463314777983617, 1.3058325430420212, 1.0934217516014098, 1.0869415926025099, 1.024329166991419, 1.1322760774496319, 1.086563091496704, 6.77278098733006, 1.000000568447687, 1.000000281603681, 100.86415894189554, 0.9312144645349849, 1.8366140485997808, 1.034189235386887, 4.358760640976317, 0.8700000130068825
2.3978453622266818, 1.3321179696159167, 1.4686690302296361, 1.0000009046433176, 4.887604800154661, 1.099469997602509, 3.3227226141148956, 1.2600003680769714, 1.000000437163741, 5.247308851706068, 4.8985501340854265, 1.0717861667977056, 1.2144189426306116, 1.009310204273882, 1.044749154346761, 1.134697070582077, 1.0148247095776979, 0.9772895922506969, 7.292752373325243, 1.0000004964070002, 1.0000006863400142, 102.73747212688184, 1.022230467120881, 5.709268459685912, 1.0292140314225804, 4.207703433490667, 0.8700000990680827
1.382192456304526, 1.3390108572685355, 1.3744238335310681, 1.0000006277934517, 5.2355501406028795, 1.1280805624113681, 1.179950946199396, 1.2600004263943252, 1.0000003271647981, 5.88337728843185, 4.318680992461372, 1.0084903481166265, 1.8677925615404405, 1.0948092154308362, 1.0689649105986487, 1.4249216380358296, 1.0507518403750502, 0.9506508406702104, 5.618420770053136, 1.0000008100255846, 1.0000002100538703, 83.53668611963964, 1.060593088201614, 1.5410533055546725, 0.9950888248774054, 4.24230954330373, 0.870000978741661
2.506409444648214, 1.3908763516480862, 1.727690530233703, 1.00000018223795, 5.48629234239388, 1.1701598897783254, 3.926508203612801, 1.260000358310638, 1.0000008222649337, 5.6517434969882165, 5.867059003444044, 1.0293719499598808, 1.3852407408032548, 1.1100949971361092, 1.0258870340734743, 1.4334597595566652, 1.118563030863924, 1.0679537948990543, 3.628791110212179, 1.000000345555063, 1.0000004576732808, 93.88535013803913, 1.0621685630408573, 3.3709061417935446, 1.0484405653691955, 3.384799109012257, 0.8700001557255876
4.914929770595391, 1.0019415631682798, 1.53476812932955, 1.0000007636818125, 5.460347328209007, 1.008155174331724, 5.93548786958547, 1.2600009157320256, 1.0000007919319167, 5.295665206278914, 3.6677593783792912, 1.0333659068939118, 2.9591470916349722, 1.1069857759900736, 1.0703180040891118, 1.0826095050882198, 1.1024728719656882, 1.0618812368350081, 6.221344470643303, 1.000000773247531, 1.0000005648938504, 93.26318470973719, 1.0169195887005018, 2.149183123029862, 0.9831534606868911, 3.856899089015327, 0.8700006031978179
3.9753439210430885, 1.3832380007865388, 1.5190542175800765, 1.0000005123259363, 4.648686922236122, 1.1300968207139839, 3.273237664464369, 1.2600007834441573, 1.0000005604989841, 6.0196329102947095, 4.333640946962378, 1.0169538758988754, 3.5520450346197556, 1.0217970607135884, 1.0236525741582505, 1.4794799046524005, 1.0651913122007046, 0.9387141554679328, 4.103281232163224, 1.0000005969160286, 1.0000008965081142, 104.3832351382996, 0.936912628742985, 4.24724088707422, 1.0081502223126242, 3.6532468615868696, 0.8700007106613575
3.750976166752147, 1.4060267952843366, 1.4471578107290561, 1.000000153759815, 6.8359146102097865, 1.0263926189598738, 1.744624496608114, 1.260000488504583, 1.0000000022641533, 5.825209327409077, 4.4727404325872655, 1.026084676654885, 3.37361984196271, 1.1102186616176266, 1.0425575598157537, 1.1453710767484675, 1.0959396542145672, 1.0727636923523267, 9.669374331363624, 1.0000006605820346, 1.0000000225501644, 77.47994008785757, 1.0767488128624254, 4.515125253839587, 1.0580041803252758, 3.921424262480314, 0.8700003303159556
3.657166575788141, 1.1337714520442255, 1.5757530431824835, 1.000000019943879, 5.966277109141708, 1.1062616749807541, 4.806108504673027, 1.260000822416701, 1.0000002502661403, 6.088067201694108, 7.712546192834588, 1.0618648006048321, 1.1733120398855987, 1.118880290356811, 1.0486076172870487, 1.2782125094485963, 1.1635173593935328, 1.0104268418773232, 9.07299436942684, 1.0000001865208246, 1.0000002435750408, 93.2146044545702, 0.959215646127001, 3.0166170499507636, 1.034169910112898, 3.9842325529305094, 0.8700005382802388
2.492083885766198, 1.296923886775763, 1.5257221497663194, 1.0000004142596028, 5.873953205665449, 1.181242134913103, 2.235582607191944, 1.2600006887109532, 1.000000170073581, 5.75043341928407, 6.235267688854412, 1.000671882309797, 2.50291379161071, 1.0850172432296556, 1.0122857873415656, 1.4346000880006722, 1.026093941665732, 1.0916577887605436, 8.556360794236042, 1.0000004776432487, 1.0000002000331012, 124.14496712633189, 0.9672480912990047, 1.493478113521029, 0.9591177173766686, 3.830332264319774, 0.8700003091483193
4.1427354967064005, 1.2939650744406646, 1.5916780569992726, 1.0000007898547647, 5.104148234428203, 1.1462672889197785, 5.474028644529618, 1.2600007747617004, 1.000000994551007, 4.984256129356977, 3.131447243992157, 1.0997910122578907, 1.0409791449860388, 1.1197275997195686, 1.0840759396640176, 1.5112345990432277, 1.1380214027066815, 1.0786932958961557, 8.309019459034333, 1.0000000006424374, 1.0000007263680282, 118.89048587125501, 1.0549959674333385, 4.368003687782117, 1.0209453592668782, 3.908443758712468, 0.8700002017998749
2.1167454330711015, 1.4237925653595274, 1.5622275355659005, 1.000000715684608, 6.851081762866082, 1.102622902070707, 1.4533276606761938, 1.2600001601464437, 1.0000000021552986, 5.0804837175156035, 4.494362136844998, 1.0317197836281475, 1.2980060713424177, 1.1170785630565687, 1.003688395182768, 1.0481084688665139, 1.080374386739513, 0.9958265174569388, 7.155315623487252, 1.000000777087469, 1.0000005118479285, 79.12245416066673, 1.0431429624557713, 4.760506633097666, 0.9983405459048854, 3.794120113607479, 0.8700005691206755
2.938736673580213, 1.2369158373436804, 1.4316709471711655, 1.000000434806154, 5.287818446543613, 1.0423677318798363, 2.952850167404347, 1.2600003870305947, 1.0000006736472353, 5.863800713118767, 4.860756244204814, 1.0891250460484325, 3.382094293266338, 1.0916953992540162, 1.0600362904645053, 1.0207882830502621, 1.021879514775972, 0.9900539259512436, 8.935993057826245, 1.000000402818951, 1.0000003524913226, 105.63935861686758, 1.0153434977399745, 5.261876157692123, 0.9644751478645266, 3.632372873879483, 0.8700006512775186
4.393635479330161, 1.147181854101334, 1.4030870797544466, 1.0000000520746732, 6.57342837798218, 1.144675131094942, 5.636629488382691, 1.2600000919659076, 1.0000009337736715, 5.272489882472876, 7.426628651243611, 1.0775508808277743, 3.4318091673797495, 1.056273728900168, 1.0055107648774901, 1.160671733039228, 1.149710812724305, 0.9159825532554883, 3.7900154061977647, 1.0000001003029089, 1.000000376032472, 105.409928801373, 0.9784274005785775, 1.2956637217001568, 0.9970851450073083, 3.800192436155465, 0.8700003650446672
5.317012794624046, 1.1419793385893378, 1.6949822023672703, 1.0000000885784401, 4.925323404374209, 1.0200543901764394, 4.338629751824845, 1.260000823584301, 1.0000008541411378, 5.868589629755862, 3.217734356839457, 1.0894863456316943, 2.2207052612578817, 1.0549266769603534, 1.0652532919253603, 1.291784761895595, 1.0718670756537607, 1.0108358684622705, 3.129294014520688, 1.0000000995180862, 1.00000055900948, 105.45106347077999, 0.9994029245020664, 1.042304514536864, 1.039280578921759, 3.407054223111997, 0.8700002354613562
5.000892038152447, 1.0909515103035883, 1.709990435030127, 1.0000002744798062, 5.762719111620978, 1.10078664187428, 4.801118222673232, 1.2600004622528083, 1.0000002361964613, 5.029977863884874, 4.497343290983361, 1.0261893324094509, 3.9518099838689658, 1.0707165693992327, 1.0269958696797878, 1.5231424940994505, 1.1232154781368595, 1.054943165219804, 8.911716224100495, 1.0000009541072472, 1.0000009279329405, 119.01875514488378, 0.9359877737503378, 5.866149205856272, 1.001218607179323, 3.628338709414563, 0.8700000710887716
2.0918316235115917, 1.0573079565715477, 1.5122960718464418, 1.000000486637614, 5.131020195148379, 1.1488613749126078, 4.733341549450687, 1.2600005810486619, 1.0000001241288428, 5.3758465341952775, 6.712197173140714, 1.0790127273992167, 3.1388717459781432, 1.103567886026676, 1.0801496144671046, 1.248475824603488, 1.0559429328990901, 0.983451697705174, 8.5425425623029, 1.000000820068211, 1.0000005313785605, 113.6372986155059, 0.9585873945374842, 2.989722840205681, 0.9549158133929492, 4.004427188657145, 0.8700002969914497
1.1107792516616861, 1.3819234976711952, 1.5320818722669547, 1.0000000276891043, 4.400524692146833, 1.0187117889758073, 1.043216100875979, 1.2600008546002113, 1.0000007911810973, 5.952831101280811, 7.0814337679367085, 1.0190270702856525, 1.2713077531970116, 1.0794955368479902, 1.0792727048847452, 1.1859551149933316, 1.1693286756179693, 0.9437591676509475, 4.010345157404315, 1.000000796969228, 1.0000006401322885, 101.84920210661616, 1.032555805634057, 5.157683950338007, 1.0106109060420918, 3.3525118693212224, 0.8700008736806845
4.199755083853383, 1.3245879001660645, 1.3778630794659734, 1.0000005768690923, 6.809631006590617, 1.1419406083637451, 2.248724554562738, 1.2600000649445822, 1.0000007308866143, 5.897989477099577, 5.5991500796600455, 1.0989835140661461, 1.0795227458983128, 1.048460854994392, 1.0343123090682569, 1.4216661506501718, 1.0275028626260596, 1.0455221465621287, 3.575626617922449, 1.0000002625970354, 1.0000003519992375, 80.79629081676772, 0.9234938601351608, 5.42785674162973, 1.0654820234715692, 3.4704853362184607, 0.8700001672655653
2.5055917057765873, 1.1869159454765472, 1.655858303812538, 1.0000001318292746, 4.6539092726044995, 1.1818996338111407, 4.457769749003076, 1.260000865182069, 1.000000251437028, 5.713442904411013, 5.690057167448471, 1.068585314191545, 3.5724859820975876, 1.0089251300233752, 1.0092183712134961, 1.200260433689802, 1.0428652320982525, 0.9759953993076179, 4.497247463509245, 1.0000001545180457, 1.000000712945165, 95.86778971198777, 0.9835763632704128, 4.781879488552303, 0.9757614037413631, 4.283694103589716, 0.8700005608829124
3.970895924757496, 1.3556580080088028, 1.7301365258718089, 1.0000006645872501, 5.2223475821284495, 1.163346608904959, 3.996211941902586, 1.2600004909085476, 1.000000899284866, 4.992028264911096, 5.157150595105989, 1.041834821661125, 3.1547859317338096, 1.0470394484975611, 1.067433478764181, 1.4711760086725743, 1.0913424450958338, 1.018313902959311, 6.348577182842101, 1.0000006279256524, 1.0000006108975725, 117.0999453590232, 0.9407598152853976, 1.9999964404671484, 1.0116428506293733, 3.621222825180939, 0.8700003285704511
1.1128525559410272, 1.0597831584017487, 1.6233235240511323, 1.0000000855222377, 6.878757995671137, 1.037281936945549, 1.6588441303356745, 1.2600006799696537, 1.00000033273955, 5.2593866279079915, 6.193302806781455, 1.0319676298400007, 1.7360650666159954, 1.1093231382307567, 1.0186204743878355, 1.2869658695786985, 1.1546121894531132, 0.9870174770803666, 3.5009876454155764, 1.0000001336634419, 1.0000001568109513, 92.74084127251372, 0.9612748393241255, 4.520459499117755, 1.0675460035922546, 4.361825599479886, 0.8700007837997713
3.732093727159694, 1.1371443715860565, 1.6581989683161753, 1.0000000139355476, 6.4131065814354855, 1.0270529528633945, 3.0260100737050557, 1.2600004372627152, 1.0000001704074273, 5.275082246587209, 7.746938775166726, 1.0435640440521299, 3.9700815321072493, 1.0500832141588718, 1.0120145100710942, 1.1798053493752823, 1.1373982112200456, 1.0852102781358255, 4.355415635346026, 1.0000008760240326, 1.000000211157178, 92.59697789030598, 1.0617045735760322, 2.83544991883981, 1.0305989438642387, 4.058580604642765, 0.8700005034038755
5.813090561091391, 1.16508299527653, 1.4852247111559136, 1.0000008556625255, 5.06147817447688, 1.1578217090636644, 4.568990784770215, 1.2600000580655162, 1.0000008247592422, 5.71025738152576, 6.790666388543955, 1.0837495370548371, 3.8008053460995166, 1.0578631079770244, 1.0318697437466235, 1.1652617262633802, 1.0684631237134963, 1.0274739484542463, 3.6858595894092607, 1.0000008829815619, 1.0000002558767234, 87.1409940694525, 1.0132890398628274, 4.269161854169308, 1.0110100863513658, 3.5506515867392463, 0.8700003657364679
1.7300305548425667, 1.4076556712407762, 1.4823382987639548, 1.0000006526681504, 6.2219553731187265, 1.0942316888019183, 1.6476931090454778, 1.2600002128065988, 1.0000005834821353, 5.980613095440667, 3.764600276255676, 1.0166690888542662, 2.680619699575297, 1.0957369437557227, 1.011516650281184, 1.411874489051977, 1.0728974807683316, 1.0777356301316856, 4.107499550493193, 1.0000005545670867, 1.0000006860946375, 93.17118432923915, 1.0850989241236484, 4.819295031790233, 1.0386847806496426, 3.6836934577098663, 0.8700000308552861
1.759745184834923, 1.1817027826480806, 1.3541730495249311, 1.0000001732776356, 6.413412015664829, 1.1172586250006473, 5.623524111005107, 1.2600002063828344, 1.0000005607613602, 4.9710476272303525, 6.849016575697153, 1.0219278374772587, 1.8138683012943828, 1.1018129182231324, 1.0632681111734708, 1.314699015956527, 1.1453864267722274, 0.9157040800147662, 3.170840246981606, 1.0000000283037915, 1.0000007289559905, 119.3511753811407, 1.0166354220694074, 4.1965319563686885, 1.0203144213268258, 3.796234505484435, 0.8700003919678277
1.7618061376582874, 1.4295070899816427, 1.614420276736651, 1.0000002113042743, 6.7778678539931105, 1.1756390731446675, 5.208718359005176, 1.2600000340758184, 1.0000003771615733, 6.0273586982746234, 4.192484328747913, 1.0508479896208645, 2.665359388432379, 1.0008983746458306, 1.0207394865249075, 1.0272681253855684, 1.102926819758961, 1.0840120857035735, 6.378793190146053, 1.0000002724235655, 1.0000003601755743, 89.18654183892221, 1.0314610655349614, 1.151508445528079, 1.0545188702200026, 4.317519912503133, 0.8700007172170784
4.751485399519532, 1.3310612720312114, 1.7195866100482324, 1.0000006451297891, 4.689573942252635, 1.0344938615111914, 3.842979780781911, 1.2600008164198444, 1.0000001396246272, 5.508893496553792, 5.8876197660040415, 1.00156661123575, 2.6069839513202173, 1.0482080346909015, 1.0555605427650139, 1.4033884749176695, 1.0224933585389882, 1.0615230973474739, 4.293206820514789, 1.0000005514726122, 1.0000001788821755, 117.02270736293285, 0.9421061594246319, 2.3397543074230307, 1.041236879382709, 4.330500651495774, 0.870000040383123
