$aa,$sced,$cplx,$site,$resl,$acap,$etat,$rely,$data,$prec,$pmat,$aexp,$flex,$pcon,$tool,$time,$stor,$docu,$b,$plex,$pcap,$kloc,$ltex,$pr,$ruse,$team,$pvol,-Effort,-Months,-Defects,-Risks
4.098657894922635, 1.0000001420015536, 1.5125497807671002, 1.1030331545015486, 3.3123946263995605, 0.798819061537942, 5.459690705429257, 1.2010761146579614, 0.946574958425879, 1.9326845781172475, 5.4870091535370245, 1.1480044605672444, 4.247372739218656, 0.8190734240082416, 1.0900005226468819, 1.0065194289376604, 1.0019860962975022, 1.2298930075306513, 6.991800020024749, 0.9828741647827355, 0.9222424442163867, 199.76004569971954, 1.0246641634041522, 5.142273108182941, 1.1873317039535838, 2.1980381743600694, 1.0651595068209168
2.3461714026547944, 1.0000001263880391, 1.6176485921161199, 1.0390426414634983, 3.562563812404453, 0.9764666584567769, 1.254154540862953, 1.0496026245516517, 0.9201411579828611, 6.08943862143755, 5.0536251221498665, 1.047440895577381, 4.334371566406983, 1.1180253683634842, 1.090000550284473, 1.0703313507192258, 1.0259405920413545, 1.2242042110465694, 9.681651656461874, 0.9636819517117959, 0.8863689101682436, 674.1912865307252, 0.9248076627234855, 2.8544498863766963, 1.05578950002712, 2.812011912843154, 0.9375132276757748
1.5284425281669103, 1.0000005695152627, 1.1457677744913357, 0.9788729368084348, 5.812494676244026, 0.7553271359850032, 1.943578544423422, 1.109921999665005, 0.9228635194877083, 2.445077804745267, 5.606169950029862, 0.8942918383326506, 2.6020367176756958, 1.177226902680235, 1.0900003988208455, 1.0021478865016369, 1.023396806109642, 0.8117655026263466, 3.4472859588342013, 0.9854734117383221, 0.7734059580033639, 647.2936004829492, 1.1256732492688706, 3.3974846624644015, 0.9913970836013934, 2.153462024832727, 1.2414574335616824
3.7489204427264804, 1.0000006021086496, 1.651815768828523, 1.0921382494416316, 4.226520508273341, 0.9414740889218023, 2.362431651400148, 1.133259653329337, 0.9951239213244394, 2.370712042200151, 5.840978710182593, 1.0354960413032188, 1.2730812957312216, 0.9848575686040547, 1.0900008697061332, 1.047742330566072, 1.036759152960189, 1.0530943163231645, 5.418128556610433, 1.168665197249625, 0.97535627391204, 610.6687743587371, 0.9751420540379417, 3.2946132412221774, 1.0087579830560902, 5.17560945352027, 0.8960859080378044
1.534461802723022, 1.0000004057804546, 1.575134357537224, 1.1319745121733282, 1.6823282639778532, 0.925613135765333, 2.9832790600938957, 1.0621218244740716, 0.9604818817105969, 2.568765643823623, 6.024816676701693, 1.1818732708335689, 3.890447426598951, 0.947437788744437, 1.0900006471583787, 1.0611511499980282, 1.0091154322933922, 0.972601234182236, 8.173565225730119, 1.0888250273800288, 0.9183788744209955, 215.72365533215347, 1.0738929533708694, 1.026134902517458, 1.1377388682557141, 2.9531388622377905, 0.914146550334946
2.159776741254463, 1.0000003289654382, 1.1485447625972083, 1.197749093280006, 2.428889650352949, 0.9268128987172048, 4.312833771431537, 1.1077428139653862, 0.9578817694902917, 2.3343206822721045, 5.936979978914044, 0.9270152739815007, 1.8737899553091029, 0.861561018430292, 1.0900004856707364, 1.0131574331604585, 1.0376552109818584, 1.1937205156561883, 3.1612413796764702, 1.1600527610448643, 0.9674600791992349, 327.2266434166563, 1.105893134107085, 5.7112171503111195, 1.1601239590091954, 3.6139048432682763, 1.1031872322978298
3.4854607640065622, 1.0000003903878658, 1.1327751033125313, 1.1350024440526167, 2.8636326790640854, 0.9308942895930512, 2.587607722551876, 1.1494369228338446, 0.9950124700728669, 1.5504784862718917, 5.407908455303174, 1.133847541865326, 3.3664678390916736, 0.8204685570684336, 1.0900004681989928, 1.062404311845643, 1.0395090797232776, 1.1378247570410913, 8.017651421871896, 0.9645241988309518, 0.860765117958929, 706.3609414560716, 1.0778157835102753, 3.6917525706576346, 1.2051091421019995, 2.501283621456673, 1.196492151052827
2.6324959408006934, 1.0000002880703758, 1.5943285749546345, 1.0017837860387984, 2.7300807207651356, 0.9959604787127615, 3.9753344372836557, 1.244479172844464, 0.9013315221717881, 5.66907236486773, 4.780353264063176, 0.8185659255586667, 3.8153708694041706, 0.8132518103423922, 1.090000990427674, 1.023268220821913, 1.0117588235915462, 0.9075435907358697, 7.253285592501915, 1.159225766105499, 0.7912692096821843, 156.64597595115828, 0.9551326162956602, 5.546361758135561, 1.0940957133056162, 1.4057510571490386, 1.2263236857974278
3.45189564544895, 1.0000006254316722, 1.2477418402402, 1.2170440918986636, 6.654083329181631, 0.7931151888310313, 5.490152239050623, 1.022885533941119, 0.90144712248274, 5.927538209804555, 5.845571096683664, 0.9751107754370507, 2.9183433853101644, 0.8857743974667, 1.0900006211128583, 1.036869820132679, 1.0060122830657854, 0.9349211100112447, 7.184949231255966, 0.9167343455116596, 0.8223724758235426, 928.276419777478, 1.1313129180357115, 1.6785985897721254, 1.2137409657376226, 4.830979000479683, 1.2936043013835616
5.430542151641023, 1.000000100423194, 1.6860744014914153, 1.0414897573696884, 5.356325556663354, 0.9487997364671676, 1.5441053074631097, 1.1784494970991506, 0.9193262878001903, 3.231867897269444, 5.493393710713667, 1.1912747447278258, 4.363220578387677, 1.2774253447596635, 1.0900005493839593, 1.0296371479994135, 1.0057368996003604, 0.9024959005713191, 7.252614090920703, 0.9378602409615299, 0.8818536026662213, 636.3004610185232, 1.1611195307795712, 2.939046064079, 1.2186147562022893, 5.358319347997372, 0.9497685683222656
4.0206457670403495, 1.0000006772863952, 1.6438604007869864, 1.1058766707832655, 5.082140930786536, 0.7694789236469367, 5.6019108771766275, 1.111170918001653, 0.974927221173773, 5.946852832443722, 4.935946349296446, 0.8540885383754305, 2.770089347845798, 1.1504607901908686, 1.0900004058436554, 1.0118812658301855, 1.030330619182842, 0.9702123310770512, 7.629524847619441, 0.9892311966961667, 0.8798371825173991, 201.5723023222376, 0.9982845962255841, 4.329588554323258, 0.9843894450188408, 3.729039164071949, 0.9024154786585462
1.7722059504646155, 1.0000002625792999, 1.341480389951385, 0.8805573828508282, 3.440218646444417, 0.9649757810053272, 5.375918155569793, 1.0878160664410441, 0.9444406596070283, 5.7069156195744855, 5.916438372769285, 1.0368137848448595, 3.823148003087277, 1.0716782895551265, 1.090000203584941, 1.043174502182265, 1.011411026858131, 1.0048359901252404, 5.703686052042437, 1.11658637224253, 0.8829142524871176, 750.1214637966157, 0.9684186368087108, 1.7919539481214026, 1.1882656721893872, 2.0568772243024966, 1.1935539481064534
5.332901877146432, 1.0000002952486062, 1.3294723750693849, 0.9799805054787636, 3.6846510733460764, 0.9060165162599967, 3.723774226266051, 1.0271676990040832, 0.9939669324703817, 3.1634413322101977, 6.052692635147116, 0.9294722632094481, 4.690439079371937, 1.2175067903002434, 1.0900009908174049, 1.0331984967825425, 1.0056602199270859, 0.8964297062483042, 3.833077548776941, 1.1713419786014518, 0.7759085742538395, 841.139731768921, 1.1091134580317927, 4.824486606277045, 1.1653687730401487, 1.7554546738540675, 0.9937158868848709
1.1111897725257915, 1.0000005860203938, 1.0803764691771307, 1.201019501798061, 5.962498592959273, 0.9080728918112813, 5.764520735354856, 1.2547892773710108, 0.9407288535059214, 5.687582807599712, 5.732615861353345, 1.051379132931917, 5.050501879440136, 1.1769164673722685, 1.0900003522482942, 1.033493157166789, 1.0156948109145425, 0.9697565389201581, 8.981450083754154, 0.92699840233777, 0.7800798370462126, 156.41070423659957, 0.969791249297156, 2.9069518794905522, 1.2201600340909713, 3.7764787723438067, 0.9360471372948295
2.252039321620413, 1.0000000212269553, 1.2074494687863915, 1.1415671870385862, 5.617128182032907, 0.8146617992500492, 3.155067438562845, 1.0776341546982269, 0.9404853718213434, 2.3841543274683765, 5.771457247841679, 0.9222134026313861, 1.8887155371597268, 0.9923400267534512, 1.0900005951001897, 1.0516620661958933, 1.0205827980882272, 1.2226917780804287, 7.7380100173686746, 0.9151754576312059, 0.9830437305017335, 322.0294774062003, 1.1330413346814732, 4.365182129656203, 1.2114853856260606, 2.492033110848806, 0.9349258360743244
3.881276872257458, 1.0000003113340752, 1.4007804869126033, 1.021357881773472, 6.862782414455968, 0.8655995021095308, 2.3849502868353096, 1.1993780182400677, 0.9444540194083524, 3.8928896287967865, 5.435359376370322, 0.9562261591199464, 3.817836243787127, 1.0080793592204413, 1.0900006179815378, 1.0848666056809608, 1.0132625861993734, 0.9560050939047667, 6.813444919314627, 0.9352590472243304, 0.8730020121417861, 439.74640421531666, 1.1228923878578252, 5.558184759589866, 1.1317929144409096, 4.711461007300623, 0.9219289067780494
1.286312633679953, 1.0000004838321903, 1.545094988488513, 1.039675321178781, 3.1173296153678534, 0.8170056122882453, 2.1043318639133917, 1.2382898536281135, 0.9976361564663706, 4.087838540552077, 5.952385879670961, 0.8289998642325881, 1.304888660794846, 1.1391433217730011, 1.0900005283141692, 1.0314653186488911, 1.0019956472411389, 0.9851939135556314, 9.934995165775094, 1.0259033717434694, 0.901797657828677, 279.99928874305516, 1.1455780484705862, 3.6121079925017376, 1.0079174212369977, 1.1299817574339543, 1.147005617182953
5.1709999274735114, 1.0000002888004782, 1.6523287081281173, 1.2000106650208895, 5.376829209946572, 0.8766731765657777, 5.650033895606866, 1.0470119408205871, 0.9586298229429328, 4.558577019210987, 5.950835637800703, 1.1889987029567255, 5.02887705393249, 1.2415194267700167, 1.0900009438083835, 1.0744597111303187, 1.0155188557241417, 1.0694784996692477, 5.878260684002544, 1.0831188567329089, 0.8922370449714625, 896.5167140392027, 1.06989123635061, 5.257068532950882, 1.0343887427711942, 2.4478354095711228, 1.2446296259632608
3.5608609377253773, 1.0000002081329533, 1.1612435021563163, 1.0821127667320267, 2.081128675872462, 0.9892429221669341, 4.627862872486694, 1.147129027853331, 0.9189676024255924, 1.4170789318613952, 5.683220334112844, 0.9567245580735534, 2.4410989793635234, 1.0743982951926747, 1.0900001276075877, 1.008766320938002, 1.0053147821652297, 1.189193256058117, 4.926349404371491, 1.0772525548345195, 0.7995556833514416, 149.94631373107214, 1.0336267315211496, 3.656254175859056, 0.9899824038326205, 3.786798552105199, 1.22094689747015
3.7029849887663855, 1.0000006073026944, 1.7167418386799973, 0.957899879376363, 2.209510470414539, 0.9258072354155122, 2.256833644034721, 1.1621168257591539, 0.9029848504332052, 3.198589107659951, 4.74134882651122, 1.0445695552020766, 1.5984679288596002, 1.219689601469725, 1.090000175727423, 1.0589574696178776, 1.0482463076958526, 0.9784613466292535, 5.942075202192719, 1.0804403258374473, 0.9428462488359928, 287.0475893087264, 0.9520920508168429, 1.6414468079509121, 1.1489305534130576, 4.58474855177252, 0.9839976010617942
2.7388564601634453, 1.000000307293455, 1.0234130081803612, 0.8145338334329694, 5.990094400889134, 0.7331610672496013, 4.117060300664371, 1.2071999323404006, 0.9328611974173577, 3.6604295483487084, 5.083601347698063, 1.1666877859662115, 2.8302246202834542, 0.9034697818485706, 1.0900008331919981, 1.0767736805977628, 1.0057073463961375, 0.9673344910147641, 3.1925759544234933, 1.1346874944669851, 0.8972270970613683, 540.3950357037833, 1.1905018601346775, 3.5811247641748096, 1.2101554869567452, 2.4748451419201487, 1.048559468540586
3.928240507273301, 1.0000006641575943, 1.132795501243987, 1.0269878353792203, 2.7232050716777123, 0.8700565846659756, 4.783973368333002, 1.033765012853773, 0.9077957420916585, 5.4600773174254265, 5.678002068440374, 0.9496858765516971, 3.007338096721192, 1.043742561669711, 1.0900008680668463, 1.1018918717265567, 1.0236616780470824, 1.170152909231897, 5.5038672212408235, 1.183720864481633, 0.9348470945804386, 841.6692769420076, 1.119013396405781, 4.613326957922904, 1.0827742416957393, 3.0871159631823826, 1.2239781960279963
2.4706685077436443, 1.0000008260590416, 1.6810993496402706, 0.8874535344894513, 2.772366249998667, 0.7685647455210781, 3.1921943186172803, 1.2593168522912088, 0.9489784238646323, 2.3605443118984506, 5.222676836461426, 1.0520444023029523, 4.576426827851608, 1.2202262211425259, 1.0900008320166459, 1.0264342720961814, 1.041613900337348, 0.9944246927449709, 7.159333846913506, 1.097597358667038, 0.9029309401429646, 169.2121119250108, 0.9770927386028667, 1.7541010660368064, 1.2342569100777163, 3.5863605572939354, 0.8706433056305829
1.807171446563375, 1.0000009245218087, 1.4790611368142246, 0.8963739472350043, 6.955521783855705, 0.944744993228423, 4.339066496632794, 1.0667509353765694, 0.9531503417722577, 2.4899322156797212, 6.169664714706632, 0.9507129916690654, 4.8621618147726196, 0.9407568103572784, 1.0900003994703813, 1.0307985946618443, 1.0298279334687566, 0.8561332741834041, 9.27577314937039, 1.1376232891650617, 0.8557399281775422, 525.020325518255, 0.9615410429900919, 2.094611968386877, 1.1306313123095575, 1.8897394112806594, 0.9774044652878762
3.996921144066316, 1.0000000401814972, 1.6430612508392741, 0.9289599004973097, 1.9739439373947198, 0.7205927742141316, 5.118801031855225, 1.0552248469939225, 0.9848677303588828, 4.171290728855265, 5.242585113723248, 0.9320226726737472, 4.801139002484523, 0.8863010621230056, 1.0900003745831788, 1.0142664340451941, 1.0119375561298032, 1.1940636843582577, 7.682333150967272, 1.1484875676639543, 0.9649106977392904, 96.60257361829296, 0.9108610188855095, 1.4330289112650991, 1.026403947902497, 4.033619734746813, 0.9586141048520648
3.931957061007679, 1.0000006219211486, 1.5429766385745949, 1.0401533836196286, 6.035615503760766, 0.887300358937602, 5.3775259632394885, 1.1873599523770586, 0.9112315969326313, 3.280770832385196, 5.6408863205774065, 1.0505838145761, 4.735591591759649, 1.2071595980263052, 1.0900004354935617, 1.0507811981214705, 1.0074214015668836, 1.036400022155715, 9.50353615208559, 1.1382751109169267, 0.8043179805349081, 646.7838372447461, 1.1045920699495257, 3.9799883195218846, 1.23863089643897, 3.204815270896048, 1.0580875634551061
5.677722012407319, 1.000000780165944, 1.08639411427188, 1.1520218330947916, 3.9592914239617754, 0.7554214179385977, 1.7955524359099142, 1.0355881361142945, 0.9389745037204061, 5.424214735228424, 4.913208134262831, 1.1005368340959771, 2.5931146514382393, 1.251516075205395, 1.0900002081155322, 1.0222526819860993, 1.0477844954574758, 0.8838515341177295, 6.979529852479825, 1.0097379840416256, 0.8939565287401237, 861.3163231296577, 0.9796987521336771, 5.901398247103759, 1.2032630580026817, 4.132617838953243, 1.0047182792027427
2.8487644401072223, 1.0000003513267275, 1.3591602376165786, 1.1691963313093847, 1.9678325421562093, 0.7504597104188394, 5.10598871172364, 1.0644535476599482, 0.9517865474622512, 5.948150928750048, 5.999844458368157, 1.0470136873565434, 1.2996877202024462, 1.2037635911468048, 1.0900007535398408, 1.1087379380250824, 1.0042515358900739, 1.0628843465195865, 3.552657318871907, 0.9594090864919117, 0.893086887093311, 768.4345176124873, 0.9243738344830341, 1.4780228237081763, 1.0307919733606863, 3.649429630845014, 1.0521291748377612
5.677985856684227, 1.0000006325191544, 1.6856027157398281, 0.9000762941471027, 1.8021203312811815, 0.818877259314551, 4.575873663278835, 1.1965754300171607, 0.9771834161027716, 5.1717123089204495, 5.826581782686155, 1.1489630807083602, 4.089952368132657, 1.2213168273400627, 1.090000916034583, 1.0432841600077276, 1.020675825903326, 1.0121744235037058, 5.635024052814256, 1.1146096950504343, 0.7884135750229949, 879.349412436512, 0.9384131119329845, 2.495913214003013, 1.139805169062413, 3.9231748804742237, 1.1576861763847726
2.7762808877222835, 1.0000006931559922, 1.1156633670643585, 1.2119248616864673, 4.105677137621819, 0.996120212436987, 5.199086250230624, 1.1554692327525142, 0.9233332516617497, 3.8837711890694715, 4.987237241429985, 0.9459713143883997, 2.4285001807171063, 1.0723920303297585, 1.0900002155556168, 1.0093936246774244, 1.0371329509803575, 1.0889178142033873, 4.672170844752197, 0.9349771657221646, 0.8059428826125087, 445.40663340577413, 1.1988671617910218, 3.8313132874966236, 1.1040338421060423, 1.2150327063936552, 1.1105663575010805
2.2386604591443584, 1.0000000237688862, 1.1848559492980246, 1.0000096347174465, 6.600924511690187, 0.9950638547701642, 1.3070928746991481, 1.2012427506229488, 0.9367915763453019, 4.035104624240371, 6.026253004279241, 1.0029828994050423, 2.8808806581930897, 0.9014326478752235, 1.0900008038789708, 1.0474177402161648, 1.0419035762553341, 1.2031092657196707, 5.954355514249324, 1.0197930375718145, 0.8157644580073522, 49.0395750280539, 1.1579617822928143, 1.5085112433289463, 1.1623616277154374, 5.4488173973266765, 1.1367659424146068
4.510411752164119, 1.0000007568839684, 1.6058072269299721, 0.8004882886171965, 3.613071870390546, 0.9280765798132036, 4.631437557482986, 1.1882831704211365, 0.9362191729100733, 5.777887470457685, 4.817331656511446, 1.1319551257752005, 2.712852449332164, 1.2419715273604341, 1.0900009215964812, 1.0564997517250962, 1.0075463014105213, 0.9987276390376943, 3.2260443761510507, 0.9202270644062742, 0.8187726219980583, 503.32820098369945, 1.078324581873186, 4.890409017639735, 1.2169332582573373, 5.196764666020239, 0.9376275492718641
1.7281356698570574, 1.0000001812257504, 1.6414421745108725, 0.9611399190549472, 6.150481941090078, 0.8585543116326051, 4.265997568819018, 1.1272449635099724, 0.9627933635893938, 3.7676769509250496, 6.201322826588496, 0.8488445223856267, 3.9096802684772483, 0.9008522261306524, 1.09000098973558, 1.0219392918932326, 1.0197054375710892, 1.2083080135930544, 7.967552420482254, 1.0333295960272346, 0.7686608786031647, 189.7109431928003, 1.0345665150070051, 3.8792859391843346, 0.9931888381341033, 4.012416054581871, 1.2919726355794026
4.524563717745401, 1.000000270911379, 1.1704467415407875, 0.8944718223846622, 2.0586010579083993, 0.9898109140067999, 3.9042490124314635, 1.0743123413965874, 0.9703625342860998, 3.718994486225033, 4.707959250863559, 1.0869827103047243, 4.875024397310242, 1.2068035780088262, 1.0900003564981828, 1.0321190050127471, 1.0161984286039816, 1.1499402781209858, 9.327900629524024, 1.1418868660903723, 0.9264056028653469, 776.1425860074461, 1.0544186067091266, 1.3041771383883685, 1.2216354562558582, 4.316822665021142, 1.2838741173949602
4.9117410282690726, 1.000000670234752, 1.362189795119316, 0.987156981619034, 5.138171353173649, 0.715053852041494, 5.0718331303678585, 1.1878986501342532, 0.9684822235688718, 1.296713010215534, 5.742116996798264, 1.085274441333595, 4.943492845477338, 1.1697746335445591, 1.0900000622696882, 1.0055748040192218, 1.0447724826960951, 0.8361273789777026, 9.745780516397836, 0.9270930220674503, 0.9846126950638836, 147.619511949194, 1.0171296341103881, 1.866596698133607, 1.1463220033557024, 1.2926664221389408, 1.093426100152157
4.280478963444932, 1.0000001196289798, 1.118702798099354, 1.1953986873959535, 4.671817552257082, 0.8226001311139386, 5.608611692335142, 1.2104141696603201, 0.909992755644937, 3.360134938529156, 5.9912426630124695, 1.0397686921645553, 4.157216744715841, 1.2155005400034713, 1.0900006593230707, 1.0997361587069565, 1.049192586149285, 1.1316891570010306, 5.177002517217712, 0.921173414450836, 0.9358523032300141, 473.86861624291237, 1.001169383883126, 5.170147963007765, 1.0264398414866456, 3.7029887955607563, 1.1264478762935373
2.67190957254167, 1.0000006478502632, 1.4667072632419071, 0.9509622032832681, 4.913654861342604, 0.9600138847788169, 1.0858729578319817, 1.0719793209708284, 0.9940983271303144, 1.5045848629565335, 5.803387320805198, 0.9747615444547819, 2.0282229613084093, 0.9009171587780411, 1.0900005024190111, 1.0958247378256565, 1.0086231167938866, 0.9961625906725915, 9.290389710576044, 0.9807105596132093, 0.8258462952634332, 930.47917672868, 0.9282677463118604, 4.760415357579925, 1.166084293217487, 4.367192736590756, 0.9766463104275249
1.2454318843640384, 1.0000009250451476, 1.694029636376856, 0.8915172546683579, 1.7906353475092858, 0.9166275156516037, 5.188775673159495, 1.2473566040917945, 0.9120125799665069, 3.0543623781912537, 5.079467332218853, 1.0944670910163476, 2.23684301488911, 1.0476839444502097, 1.0900005863365525, 1.0954720336191894, 1.0281751275403435, 0.8782485781248497, 5.695946687471833, 1.171417600442853, 0.8356708569455135, 562.2048393518612, 1.0535955067852092, 4.749493904025693, 0.963242603411054, 2.441673301564697, 1.1933644308405298
5.522384659227858, 1.0000008587646805, 1.132040215459566, 1.1865807534205781, 5.253877792833805, 0.7530004736140075, 2.452783909182491, 1.1399344231478095, 0.9149681530768248, 3.3999263641050144, 5.606603451251145, 0.9762675636716455, 1.7489051092736436, 0.9671201362302337, 1.0900003450455809, 1.0336164617557315, 1.0060791471509456, 1.220894413281394, 8.950654099269244, 0.982951992718576, 0.9419207942322875, 593.3479512214934, 0.9787098864455562, 4.939839844055249, 1.1254668246269763, 4.265548832052807, 1.270259027843418
2.179178780384552, 1.0000007516905152, 1.2321838498549693, 0.899086876607628, 5.795209782159722, 0.875424332650526, 3.5090601096161564, 1.1263581689353583, 0.9777163665630041, 5.586481502822907, 5.675309341739667, 1.1864075685778237, 4.830279629949986, 1.1502887054739337, 1.090000104335133, 1.1017954387960216, 1.0361066214437304, 0.9072250369438861, 3.71196644846839, 0.9977325111761298, 0.8608362615300597, 400.42989076046854, 0.9277486524675513, 2.931741274625405, 1.113161576436199, 2.4435764878131816, 1.1732720853887062
3.3227721182344774, 1.0000001837918717, 1.3315498793584606, 1.0465950829939399, 6.2033551398468205, 0.7666544694262382, 2.2651207591115594, 1.2177142833398813, 0.9423616747946584, 1.5009946453952556, 5.0942427903335075, 1.0237125116065262, 1.3006484327163002, 1.131493843339741, 1.0900002858948181, 1.0511757797923151, 1.0264609378122713, 1.0827852726139904, 5.227680095968472, 0.9541115282157994, 0.9981950524041965, 767.0164101418036, 1.115745993710179, 5.160247456633474, 1.0709833647470226, 5.163437631097718, 0.9656387379630358
2.8078739193504427, 1.000000614138842, 1.1902301450240265, 1.1552292534968185, 2.317016844346314, 0.7847042717096451, 5.301417626735325, 1.1229065233114743, 0.98473613035457, 6.149077199080422, 5.981448275761402, 1.0613280542449863, 1.2138974442102484, 1.226856228245716, 1.0900004658360958, 1.0763773361035254, 1.0303288035295886, 1.1534816140669597, 9.772757683030054, 0.9756254205721466, 0.9212218873702274, 659.4095800986429, 1.1947970084351494, 5.291585652314173, 1.1800207821154725, 3.677793343688867, 0.9591808768183643
5.537923388301949, 1.000000715946928, 1.3481829358919335, 1.1321434577251936, 3.5995834232330184, 0.9012914808598739, 1.920438531906258, 1.2351809582537792, 0.9511191409130387, 3.599109603200639, 6.187460323898394, 1.03954441023537, 1.6030379993276833, 0.921419414115994, 1.0900009275453355, 1.0357884648102242, 1.009841629608363, 1.0690248435405147, 8.532821346820493, 0.9909940708775287, 0.8673207418864333, 526.7151600815399, 1.063320816366605, 1.7223175421690349, 1.0369427765463768, 2.4673949328130607, 1.2911949662716806
4.4999830359554736, 1.0000007237014448, 1.597002354955898, 1.1518606586589748, 4.321042331235395, 0.8245327839772666, 2.934499902611565, 1.1352243815209855, 0.9135048659869586, 2.241543490346033, 5.318129814673731, 1.1545537756613014, 4.801300417073112, 0.9019760769948971, 1.0900009844118217, 1.1060641466021446, 1.0272399773928642, 0.8922240790905349, 5.127665817935076, 1.0814441302525688, 0.8705878627960802, 881.7227369735706, 1.0237709781932787, 5.231550474176389, 1.034068276893574, 3.823385866142777, 1.0047515993693072
4.56987012544422, 1.0000005099607945, 1.5046774228731543, 1.1099677629352116, 3.976255795904909, 0.7233168524652204, 1.010343660832145, 1.116697483721566, 0.9508590265447752, 5.0638038252106545, 4.967982935883454, 0.9473232821393921, 3.294604695852354, 0.866092665183282, 1.0900004450034577, 1.0146917495160155, 1.023224379370415, 1.1780445558864916, 4.171833523501873, 1.047202000429731, 0.861251061314989, 831.7941331524504, 1.0274729818255408, 3.8530326327279547, 1.0584574469181072, 5.293213179177498, 1.0528733335695926
2.8230556288536954, 1.0000003279311978, 1.2712904905960762, 0.8789882264040881, 6.127901316609141, 0.795354596846911, 3.3262171507575413, 1.0840114711020616, 0.9464093292505302, 1.3073244055063542, 5.070666309437073, 0.971877442502973, 4.898669892885842, 1.1947066994886977, 1.0900009037664404, 1.0531783962099392, 1.0114744830864726, 1.0423347125252043, 7.879129251539322, 0.9512112220650459, 0.9374336880028483, 887.7559556599228, 1.1341063598140217, 3.7930778601218647, 1.0436366211563857, 2.2152824925385133, 1.1672654367397832
5.27471446186291, 1.0000003494834409, 1.335764285167548, 0.9914139063638806, 1.5736837457777089, 0.8516440561116517, 3.398801559395088, 1.1269219603281893, 0.9377811938463738, 5.246898815109467, 5.210423516038326, 0.9636524473029981, 5.0366901354275, 0.9601743363611921, 1.0900001161147639, 1.0179287916990847, 1.027046461353982, 1.0342231180069237, 7.427981895046058, 1.0080815347340624, 0.8400164932814602, 809.5050960008484, 1.1327800143945879, 3.8345425002599423, 1.0221372288881716, 3.102441839140524, 1.1681995783393189
4.085662908118145, 1.0000002523008211, 1.534322291377539, 0.9470922702917022, 2.0480264652936175, 0.7834576392755989, 2.5670276643633363, 1.2104783286738872, 0.903067548110445, 1.7049225986035748, 4.908931084019734, 1.1283274597023158, 1.2041188779217373, 1.0669810436618388, 1.0900004649970496, 1.056847169271979, 1.018351633559061, 0.8408084960015059, 6.651044587016821, 1.1435244762969874, 0.9264132693419791, 81.28205646292155, 1.1945016851971693, 2.4175629466917323, 1.019030170685141, 2.9771739763483636, 1.2110331417167473
4.165583964912699, 1.000000371436142, 1.6317735471774109, 1.1023175182967797, 3.685626614264967, 0.8539137418124972, 3.6062660455831574, 1.09000281350084, 0.9584794484416084, 3.6424631584197042, 5.237969417687452, 0.9801701485713922, 2.1054871115537086, 1.1951078704638587, 1.090000507098331, 1.0898884692468627, 1.007986305267301, 1.0354096191238853, 9.005014577805802, 0.9791699328312502, 0.9386219851970121, 777.2800356321736, 1.018538201013761, 1.68684011291122, 1.1062273918035308, 3.1702959393561994, 1.12904173698122
4.257599987901806, 1.0000003097392502, 1.5549348864741663, 0.8876702191236964, 3.7252284853996027, 0.7541723111572092, 5.834131454734197, 1.125957931019887, 0.9885489418372466, 2.7294820478939608, 5.674632277341801, 0.857377610339321, 1.4323050876759411, 0.9074803831920335, 1.0900003893872596, 1.0916970108722424, 1.0064533027902356, 0.9864297789933489, 4.739084511426091, 1.0570156113551517, 0.9649238787731942, 758.7001762685952, 1.0907402366039032, 4.395586517898262, 1.1210443069214076, 2.6967143770530106, 1.1017681231537022
2.9735210587737972, 1.000000007641298, 1.0370314515815156, 0.8519768924665062, 4.588877096095843, 0.8428765364146398, 4.825351191064399, 1.0087877149803302, 0.9464232147068818, 2.216555007819748, 4.980046996007459, 0.9057706247358853, 1.0419488894020146, 1.0003143647095334, 1.090000680459492, 1.0704828309373018, 1.0118392303326642, 1.1713421510653, 7.138349121227407, 1.075383058023612, 0.9978084755738433, 818.1040793612755, 0.9656695177042935, 1.1519454099061774, 1.0983379179123534, 1.2696677046236982, 0.8898771876008235
1.1181691863371603, 1.0000009934679779, 1.3828306729941278, 1.2018296772213755, 2.304344956988669, 0.7119864213733611, 1.960721197791089, 1.0428714052970298, 0.9344836445196917, 5.551107784777702, 5.481307523625951, 1.1550410718517177, 1.5181840859451743, 1.1630502184649627, 1.0900009461969384, 1.070048344817705, 1.0263293733003034, 0.9460726760074636, 7.294067359666595, 0.9668054063284781, 0.9681965481214961, 926.1025183262896, 1.1299754500067656, 1.5457738130160705, 1.1098033848181585, 2.4853687894970733, 1.0053179231652893
1.8988902038396445, 1.0000008089022068, 1.4962010973835425, 1.0769147886994435, 4.995127108750462, 0.8285327668005535, 2.652603179834479, 1.1215462237375815, 0.953660065397991, 2.2062436560186636, 4.813666652946337, 0.8553745389567661, 1.8776647711994943, 1.114268346254962, 1.0900002344201283, 1.082251251283453, 1.0250997122566143, 1.1580853699408378, 7.219345918117897, 1.1793853532788363, 0.8087762534090325, 48.471448707568456, 1.1977007161448894, 1.7935319768705518, 1.1606534660359495, 4.036433694259519, 0.9526501349095247
3.059858838654403, 1.0000008571553702, 1.3606143205582486, 0.9227407550171377, 1.418581932850237, 0.9667505206268978, 4.498803081494105, 1.2178766333959228, 0.9746071537638662, 3.1268033040153047, 5.902333746690548, 0.87925183943794, 4.967390814918418, 1.143709691518405, 1.0900002000362519, 1.1085666797275002, 1.037175616979678, 1.0764536369670892, 7.821580267423509, 1.1754981471505719, 0.9884262470223413, 205.38565776927265, 1.1366364795098478, 4.883156094034833, 1.1551317656987081, 2.7137072470506354, 1.0363515542789985
3.569771332300159, 1.0000004921532413, 1.2740167444024046, 1.1906027125419958, 4.223481383784943, 0.775747439093891, 5.497950177781088, 1.2310107089129565, 0.9565819373154901, 3.3432031388465884, 4.722647012844519, 1.2025245932727753, 2.590356821762624, 0.9468086304316375, 1.0900001867530427, 1.034843655265861, 1.0287716641829119, 0.8845998775316564, 5.323171551545561, 1.0434054405350826, 0.8374495711426173, 588.2768358979548, 0.9650444739849485, 1.3410195465353272, 1.0286855113735112, 4.025390429466362, 1.112500103906538
1.5081116994857349, 1.0000008765116086, 1.6296468144035259, 0.885331945519829, 4.090817949780916, 0.9230463426049239, 2.2000925208086866, 1.2230078415074839, 0.9111734144491045, 4.212886157513796, 4.682828752555008, 1.1664655569146851, 3.519280050100125, 0.8239346601610983, 1.090000090541155, 1.08968535162094, 1.0194365998609574, 1.214835396860327, 8.958308633840247, 0.9102983744609784, 0.8787021766409192, 873.2105868584755, 1.1971483817533675, 5.986276600994234, 0.9836739179183794, 3.460510685257492, 1.0270584269954772
4.3621771769711195, 1.0000004264517357, 1.658989364082785, 0.9211924152692439, 3.1715209149803365, 0.8445623916814908, 2.058847623762995, 1.0746874283283132, 0.9761685227145237, 3.8732125744711876, 6.1958024591028575, 0.9579033718898232, 3.14955779699884, 0.9389318800463784, 1.0900002784695768, 1.0022103666471178, 1.043221821313701, 1.2098300452986481, 3.1438256971385057, 1.0283206868700772, 0.9828174011563396, 866.724242777569, 1.109713409384208, 4.6655730207683375, 1.054575139942982, 1.724526792635399, 0.9197193100846494
4.6074367772050815, 1.000000361165465, 1.364040318448986, 1.1438369913501694, 5.5304159947645095, 0.8234410168017087, 3.3960559000188897, 1.0696240536461092, 0.9483026086658378, 1.683012180997825, 4.690548011147778, 0.9897859103714284, 3.700011096761103, 1.285785737669784, 1.0900004956149667, 1.034292531033087, 1.0037484257799962, 1.1289056886155149, 7.13401939997171, 1.1350072137659155, 0.7628656921443443, 135.2908973739053, 1.0640534769215535, 1.2904605746147704, 1.0184187996604135, 4.838395225618376, 1.2749865829524492
5.281947244413167, 1.0000005417194564, 1.3936592698942143, 0.8471227380299291, 6.965117347341246, 0.8918260909036213, 1.203464598063174, 1.0235987997470675, 0.9735230007494403, 2.0199143791476755, 6.190678247450677, 1.102851136215283, 1.5117025639877433, 1.1067329973311355, 1.0900009519804723, 1.0682263209455913, 1.0386374973305461, 1.0176440531732878, 8.41887524962064, 0.9333739605073273, 0.9397122983840218, 22.239104370539454, 1.1927724837009774, 4.551085286907089, 1.2327283664404143, 3.359124860645487, 1.0511789064355528
2.7991302403416034, 1.00000036228337, 1.2598950738309804, 0.9533602885727055, 5.810579210716986, 0.8066901702372598, 2.0502145866368457, 1.176783332083873, 0.9325128402373035, 1.3298935519060708, 6.129922455221325, 1.2181298098569906, 4.909183651908244, 1.0766625707780402, 1.090000988177245, 1.0667829619208815, 1.0047284021025964, 1.061861679615265, 3.5153014584928286, 0.9870013597462426, 0.7808722402460584, 730.0389868882262, 0.94118258779687, 3.5803815206511866, 1.0624193044849632, 1.6135571505547324, 1.1192063379578316
5.887661594609884, 1.0000009901213656, 1.7252352802298438, 0.9744080166153702, 6.639353698067043, 0.753636204688667, 2.6877604482657653, 1.1793639648991312, 0.9486181638182721, 2.8686731840251465, 6.002266075663494, 0.8525340507810072, 1.0438667521881047, 0.8503131281592601, 1.0900009863348525, 1.0349078945769488, 1.0433631250001174, 1.2139627312074324, 4.287113826138995, 1.1859387068227873, 0.7923700403147844, 781.6087596648143, 0.9839829432002043, 5.12030069944856, 1.0523827074009597, 4.746761120195109, 1.0793393492486438
2.4692715469653974, 1.000000043412304, 1.5021372446547376, 0.8552509055990186, 1.7286063876886044, 0.7787814827049476, 5.081011909513185, 1.159178928016402, 0.9241551713627725, 5.225701956354739, 5.9167726284087845, 1.1546627234219933, 3.650100001482106, 1.2774816778309643, 1.0900001753348032, 1.004173155476606, 1.016777299628629, 0.8497177796872692, 4.6773052069937595, 1.043095438379514, 0.8516974521737787, 102.35484185464696, 1.1902824612283922, 5.551460316281078, 1.121664934799034, 4.946995915763233, 1.2019144141822569
5.413699333918064, 1.000000641451585, 1.1071176783316738, 0.8443538258073706, 6.992460926335667, 0.927914694193614, 2.6138846966150826, 1.0644942892995848, 0.9350656828853167, 4.761931423082411, 5.420837174572399, 1.0184981781633828, 3.672046437005524, 1.2142986082843783, 1.0900001005939752, 1.071490324365732, 1.0234958275634183, 0.8814542890861736, 5.666522441548759, 1.0906274086830747, 0.8025574341860185, 164.01801301612213, 1.0685802328021723, 3.7842278726511713, 1.1761994938470193, 4.133553686590758, 0.8943878625148793
2.095287992110997, 1.0000009288031642, 1.2148998675815321, 1.102167575681958, 4.263295849752923, 0.7501011575428383, 3.808352075775984, 1.2019923236513672, 0.9855151554915821, 2.0990783008422493, 6.127731695322796, 0.9788547198022854, 3.9966449699419675, 1.2472492252452576, 1.090000012315755, 1.0275260783750089, 1.0424988448734023, 0.912411772378303, 4.978993815031264, 0.9829796476942168, 0.9818311522985796, 167.6710940591107, 1.0748224288833534, 2.2492725343735662, 1.239171428463309, 3.9491047996267943, 1.210332000434569
4.34820888544746, 1.0000007673981077, 1.1448372788437042, 0.8864315367445685, 2.266985310917941, 0.7773712331971976, 5.738579987277992, 1.1872667779476733, 0.927056055193086, 2.1719157085613876, 5.268614081604162, 1.1586806695414595, 2.391137219775133, 1.2034189005979257, 1.0900000835073742, 1.007616409361947, 1.033920865344242, 0.8672528287735708, 3.7738648937193977, 1.0791556564972564, 0.9532456909241551, 826.3778119596778, 1.186098987643554, 1.0357872623347155, 1.0899706563578746, 2.8072650608924365, 1.1661134686928518
5.25815252405031, 1.0000004405471234, 1.413090346954324, 1.1909951367681715, 4.170372477257385, 0.9010068860438546, 4.875828170625229, 1.2479936177661597, 0.9648299035820618, 6.014148471273989, 5.026531947243792, 1.0352514005847429, 2.3440737129784015, 1.0941183459776656, 1.0900001819871061, 1.1071648831316279, 1.0228933074907165, 1.1027922021101237, 4.2615649144888845, 0.9115967464020531, 0.9095348077007318, 282.1181833219913, 1.0516527383869407, 2.2083894148269474, 0.9712211425825433, 2.7306330282854363, 1.0125135982925368
1.2618729173251015, 1.0000001831177838, 1.5384741213127502, 0.8552936225811355, 1.7242331402829627, 0.857680938511321, 1.8328063040981604, 1.1514275973976416, 0.9307466237972459, 3.0253519246381506, 5.268931682850763, 0.9774427014677991, 3.6077047534619977, 1.1862010523183764, 1.0900000745400262, 1.0061604136401334, 1.022286279449512, 0.8184422915453562, 5.574130415613617, 1.1756381956644322, 0.9260298232091682, 451.43050457052817, 1.1387916237411562, 2.5038218164692423, 1.2195797346342439, 2.9960268564166395, 1.1549173799255363
1.3227523502427954, 1.0000009557842566, 1.6815304211902449, 1.2069458087837655, 3.797947087058011, 0.8313146469710182, 4.227473332089603, 1.2424035947868233, 0.9856354662909127, 2.225303935208928, 5.218204978435473, 1.1340819858926077, 3.789520837704446, 1.0779070074186587, 1.0900001904519967, 1.0761181364691035, 1.028354635512647, 1.0028847072781972, 8.823175298774753, 0.9137199283246813, 0.8872590821094453, 442.56866056963935, 1.0367861518199109, 2.6664869072043835, 1.098478460556662, 3.713320484316993, 1.1512993200339618
3.653362085680509, 1.0000001703457635, 1.4822585751245696, 1.0478247735945119, 1.5850068593220132, 0.7723071865472207, 2.639623802855168, 1.0276930455051847, 0.9401068229066809, 5.291008784877599, 5.772415838085929, 1.1116795955056653, 3.1553454452702594, 0.8692294442264232, 1.0900001688005712, 1.060707051796971, 1.0426319306805973, 1.0728115408607157, 4.391915576980724, 0.9605515170815049, 0.9928993400761186, 102.91009689917317, 1.1445804688467878, 3.867814686741916, 1.024507421004447, 5.349057327688086, 1.0589162035897366
1.2738385045470004, 1.0000004246468155, 1.2684237240267517, 1.0543195350035677, 6.441784082364985, 0.7141078079532931, 2.299790068959528, 1.0744987584873833, 0.9470980780612328, 5.317551109893124, 5.9911596868792465, 1.138696224991621, 5.014363243945726, 1.1743328939258442, 1.090000987331772, 1.0028973833336026, 1.003526959306774, 1.1332964070678957, 5.714808456159063, 0.9446913688645873, 0.9345480164645554, 322.1743793107786, 1.005156155665371, 5.634212373352077, 1.227127780024421, 5.345386343915327, 1.187079805220178
5.878105893004879, 1.0000007248476597, 1.2949875374008344, 1.160219502948454, 3.935387324546639, 0.711459747467655, 5.606368746902528, 1.095633621036611, 0.9765773139828502, 2.8841152719865693, 5.5143743867703225, 1.154921392193102, 4.825075752522836, 0.8133268229750268, 1.0900007320721392, 1.0532670097473857, 1.0423715098184856, 0.9875939427567196, 6.833230867432054, 1.1490164326980012, 0.9110838973217555, 549.1513064371684, 1.082246460522545, 2.7732848765840723, 1.0687019864687088, 2.713757997752289, 1.1248716425325465
1.0759079245206813, 1.000000241392224, 1.2987877227643256, 1.0249575695031243, 5.928836257373589, 0.847000620563815, 1.9566728575213963, 1.018553902403975, 0.9187319125443849, 2.9662220279125497, 6.007855747022281, 0.8375755043002762, 2.5460002351859092, 1.0834862972418136, 1.0900000062949697, 1.0334028416857803, 1.0193186207914544, 0.8829020099693592, 7.761988651047158, 1.1819567134199174, 0.9308877449487416, 332.79689195637, 1.0515343945363045, 5.840026029097826, 1.154814971314713, 3.8118491699098582, 1.0288963538738178
1.3078931646177485, 1.0000004981035495, 1.285050154775237, 1.0621464169289196, 3.3975847827345325, 0.7389512951466327, 2.0041064365749177, 1.1607498719050373, 0.9350526048291394, 6.077544407021531, 5.880266447144468, 0.9479084485938245, 1.801202011342214, 1.270674352778728, 1.0900001811399922, 1.0797871168964637, 1.0217323857782892, 0.9432152974553378, 4.639764950672008, 1.1807904396672508, 0.9996164194829964, 466.19285073099917, 1.1094251831667532, 5.796543221779092, 1.0659378724802955, 1.9932233692675054, 1.2616197740308115
2.892290615524332, 1.0000005642019343, 1.4097356260319767, 1.1005707101735136, 4.42869420123295, 0.7428725991273122, 3.373353381883387, 1.0033258608130309, 0.9858901122400933, 5.756786958812248, 5.951864307900001, 0.9944633308523669, 1.7987826384789045, 1.1885079138935504, 1.0900001165259803, 1.0611291842681991, 1.022191392124479, 1.1655094156293209, 9.395794732006959, 0.9748132508393074, 0.9953806178981187, 366.76502297773345, 1.1899900613623995, 2.8936844597732354, 1.1259206827598238, 2.1267211722087414, 1.2596522652775246
5.432648377004201, 1.000000983088023, 1.739342053968488, 1.080693766038962, 6.93571411665528, 0.9503015385113336, 3.804374114441929, 1.0994615305367978, 0.9660527631784644, 2.7450553889672173, 6.1904710146590025, 1.1955221000084846, 3.738660092137394, 1.0319198179107723, 1.0900003679232995, 1.0981106168175256, 1.0489917632922408, 0.8744181908595401, 4.115082098338054, 1.0060170138755788, 0.8484938375495932, 843.0041207640589, 1.1012172241464464, 5.302525196931516, 1.0913194899593996, 1.6887591209237698, 1.0280959433116261
2.6817203470936914, 1.0000003044731054, 1.251196893115324, 1.044640800802251, 6.086205364525745, 0.7780371581913785, 3.407641146339577, 1.1040573163011735, 0.9494914382135795, 3.3466090733742373, 6.0383051765586515, 0.8966832953206086, 2.874030344649661, 1.2391272754208786, 1.0900001968618234, 1.0773132491541257, 1.040507674055121, 0.8660679223214827, 3.538412883142862, 1.0056039191724349, 0.9513026659354651, 326.9235939813729, 0.9784340338635666, 2.6009895645516674, 1.0794893685106213, 4.721636271346162, 1.1892175952774477
5.956565584780607, 1.00000068006537, 1.5580291705277427, 1.206313738143384, 1.83333333912545, 0.9780156495907077, 4.079437447939567, 1.2510481435349343, 0.9013336579810719, 5.57942491900881, 5.781804928004559, 1.1308892076887596, 3.6674237769857063, 0.9822179235716393, 1.0900002839291763, 1.025424680798598, 1.003194992944763, 1.038160965641739, 4.805536290836889, 0.9930461124226343, 0.8871807227081965, 797.4958541834397, 1.0280066494229114, 5.362907897055017, 0.9819720473967994, 3.80868824564559, 0.9444862034257155
5.690165717614364, 1.0000008524919168, 1.2901831395925312, 0.8608924130603789, 2.2635868825271612, 0.9564835621231984, 3.13643318400234, 1.019953232057437, 0.9014897220371392, 4.71861207242707, 5.482042477678676, 0.861288026056973, 4.862232232642017, 1.1681576018577704, 1.0900005986019186, 1.0406811457435547, 1.026832170346117, 1.0125167414473542, 3.179119117603328, 1.0349416829672244, 0.8924257394490545, 614.1822814636836, 1.1705932345881387, 5.287047963644628, 1.108376943167371, 5.006228971013007, 1.0524660417061715
4.742790222777732, 1.0000007125712207, 1.1081132321512879, 0.9701543346532947, 2.684929162328166, 0.7870190063371668, 4.673531319185035, 1.1073869447162594, 0.9304872219826146, 2.7803789388063764, 5.330047881955537, 0.8179759096348833, 4.60122796537219, 1.0698319580400226, 1.0900009889564273, 1.0611426953765992, 1.043567983602329, 0.888319250366209, 5.73210258235311, 1.1569124064670049, 0.8945639980526877, 704.5245647910153, 1.0748461052244858, 1.7949504924674167, 1.1702720138598144, 1.7838489950132037, 1.0344642266314301
5.85987631207192, 1.0000008518797943, 1.42936191886966, 0.8849541180766538, 5.728717425039602, 0.831727361942596, 3.3833392215687423, 1.2479988645928652, 0.9999761424883244, 1.653132021942474, 5.110919578231877, 0.9185882300497925, 4.268721165650183, 1.0917035312340495, 1.0900005851627608, 1.078393018799351, 1.032971646432814, 1.075759223490428, 6.5117918611907974, 1.1541057189074349, 0.8386347818678949, 555.5495972377198, 0.9824772088462831, 3.7785309613055658, 1.1825064059743964, 1.895002286543089, 1.1142388263255654
1.68044287082415, 1.0000000362018986, 1.4428842565333255, 1.0024847338429232, 5.1746775541653145, 0.8801646066043726, 1.272186739585003, 1.013886867816985, 0.9451489575776026, 3.8695142718444933, 4.910781818821968, 1.1044756061266052, 4.90146589668636, 1.0462249762157203, 1.0900006313542963, 1.0468118746827322, 1.0074256002127802, 1.094587774352309, 9.781418929611403, 0.9265071334091193, 0.7630334796333813, 510.62339347416656, 1.072754941905865, 5.370590754352554, 1.0936433180963094, 1.7930057162479323, 1.1396756443565508
3.6020389817447986, 1.0000002153630292, 1.138799745194051, 0.9412333551244305, 5.9859521916397265, 0.8082680680238645, 4.672746321892215, 1.2051435025549873, 0.9449988900004126, 3.1114671842979966, 4.722914661316238, 0.869618287808279, 2.683698314622146, 1.1212445276771184, 1.0900009650902351, 1.0635688369914942, 1.0147944576746035, 0.9118107851255397, 7.509750691734591, 0.9361507948234923, 0.7721488363585006, 156.24388124960177, 0.924214553056499, 4.903448749406897, 1.1492670654094532, 4.966582790092901, 1.1762091110813042
4.731256717372061, 1.0000000751408695, 1.1454432320495334, 1.114878874954171, 3.2265609071481443, 0.8748885819957133, 5.865257204659846, 1.010422226992391, 0.9207035820811068, 3.7159713986390415, 5.03273433240619, 1.0251155367062594, 2.1775513518354135, 1.1024832057683587, 1.090000495609473, 1.0844120498704928, 1.0095407085136314, 1.224665883671519, 6.926433473885483, 0.9816594656436142, 0.8447297703921728, 398.5293118308672, 1.1658518907313455, 4.259307785826182, 1.0887808775729733, 4.909322373465038, 0.9070050614167215
2.7418600730816007, 1.0000002016752652, 1.3740728784300167, 0.9472673769357922, 6.178420962950529, 0.8513110937050324, 2.91771605617129, 1.169401434320721, 0.9827481184589245, 2.880707798476029, 5.813805551476752, 1.0625228826484248, 4.012791434921253, 1.0273472892516953, 1.0900004240131118, 1.0626908778069235, 1.0466242075487258, 0.8226805689734298, 5.689431472579627, 1.1586644010408698, 0.9454796504294436, 458.7453954774127, 1.0973828596923607, 2.4426664435454777, 1.1974362427946235, 5.145091019896996, 1.2931781718452642
4.935853701152814, 1.0000007732251002, 1.1703274002251325, 1.1028841443372652, 5.558138207995873, 0.9343144212462235, 5.588248584639886, 1.1997445054381775, 0.9954598547816454, 5.7673359797143595, 4.752335762192226, 1.0243659514289842, 1.4037426417344436, 1.0200524059368303, 1.0900000833060193, 1.0830315183107417, 1.0387362801512485, 0.8485238820862452, 7.033990136210948, 1.1777207249700732, 0.7650986757805927, 558.0940872650528, 0.9628781717353225, 4.862866738155471, 1.0922236123540947, 1.3753415156083761, 0.9122785626675805
3.3918286555822927, 1.0000009615615464, 1.1559461576179555, 0.8391717466985358, 5.088101631711517, 0.7115389953383577, 5.402873590609227, 1.1244449273432047, 0.9505880644019779, 2.1514006213490027, 5.226738225465975, 0.9093781058909409, 4.687180178351969, 0.9517783649854312, 1.0900006611164335, 1.003992020082737, 1.0314943796267602, 0.9454529319612601, 6.953658858772638, 1.0380304165127108, 0.9431301588899244, 213.18125868880185, 1.03925016794858, 1.0382863063532395, 1.1397122427018567, 5.323171889577936, 0.9349959013118575
2.001477504426074, 1.0000004059581777, 1.167110327093527, 1.1849253079637323, 2.74040706378645, 0.8074669941183413, 1.643308719570993, 1.0266742092650598, 0.9629320688690681, 2.5200209126350543, 6.1721816567223735, 1.0405887875111322, 4.143818655478701, 0.9003820283298061, 1.090000907530852, 1.0568817238393025, 1.0220622598025222, 0.8407660537667832, 9.72754005385654, 1.1188993679192365, 0.9949743743854355, 271.29125678055294, 1.0475726167534312, 4.320210305278277, 1.1862316713798338, 1.6562988938882766, 1.0830177027305588
1.96407352210568, 1.0000009720244232, 1.4955264894339497, 0.8677759387556208, 3.264733728641679, 0.8485922898458336, 5.200611325351527, 1.0484047229902973, 0.9961441143724149, 4.527540747049568, 5.4630848253528965, 0.8952469318531157, 2.543871355568815, 1.0643516335275367, 1.0900007701034407, 1.008366798883085, 1.0142723959677173, 0.8195589280167349, 5.007857149077767, 1.1514481027071375, 0.7668614492070334, 306.64972432824794, 1.073084051802755, 1.1752291650521838, 1.1991661297071998, 5.107896460279343, 1.2111137564272973
5.45007990920015, 1.0000005207342098, 1.2487361213315333, 0.9806270637635695, 4.995163316568491, 0.9779577148955103, 1.035721173558979, 1.193309914261469, 0.9881559679167564, 4.441172402907145, 4.8136820035006735, 0.9157666858567741, 2.067233062892826, 0.862386451160761, 1.090000399292351, 1.0209417515737644, 1.039516808676071, 1.1930769716074938, 8.180950392799799, 1.1197973309386993, 0.8921557449186825, 74.95991954274744, 1.0913797658309377, 4.271274500179343, 1.03388405214964, 4.559386928710949, 0.8930142458737471
3.686418939976697, 1.000000834161614, 1.2778245745958734, 0.8572148577628597, 4.142824845697176, 0.7126018818431359, 5.319267652653319, 1.0342216332225727, 0.9634351732408931, 3.976588694465778, 4.934139095364682, 1.2120881834216366, 4.617738742931105, 1.0320887780562753, 1.0900001877081393, 1.0132083580099949, 1.0429988968730113, 0.9803564664251374, 3.0231179230938308, 0.9736240107526384, 0.9579096227645673, 764.5105884877771, 1.101257060258905, 1.1994275312490874, 1.2368102866727686, 2.92936952897072, 1.008583148579036
3.4104157930624854, 1.0000004314086877, 1.5586532406105307, 0.8584108149446336, 5.639344774159853, 0.8747242566158082, 5.407852126308865, 1.2438961648051388, 0.9898091337053778, 3.3217328416562957, 6.041608980667316, 1.1380755544215218, 3.5646360606735854, 0.9705248878495637, 1.0900006194914231, 1.099151981822152, 1.0383953162190718, 0.9343632487312025, 3.3323644234415246, 1.0221009669085555, 0.7995353105071922, 28.125985095885337, 0.9778694468451995, 4.136823084684664, 1.0317471809029672, 2.0319933564626877, 1.1545508579794408
1.135951597608155, 1.0000007005747324, 1.4304901178553304, 1.1249668654144263, 6.670987281083035, 0.9125818304070454, 4.558917104048708, 1.1134253615732213, 0.9496810584188663, 2.6232210424525957, 5.241706035966916, 0.9729121550436983, 4.07000339192629, 1.0128399587359362, 1.090000240405637, 1.0530006307203434, 1.0406079159636978, 1.0838633643343343, 3.148311598515918, 1.1503501620623242, 0.9804813183148532, 390.52260834512373, 1.1384816250116265, 5.635463577297702, 1.161250689168207, 4.064480688776212, 1.2060979640307488
1.046195177370244, 1.0000008568229632, 1.0919211179312016, 0.9574148647967745, 6.867453098532782, 0.8121738859973214, 5.9205900038210295, 1.1362480923268896, 0.935275600600709, 2.8338002314360464, 5.570937349261997, 0.8557172838816288, 2.2806348191982866, 1.1621445767307224, 1.0900002363353363, 1.0975945724259386, 1.042627530907926, 1.1439138394778343, 3.5401447123615606, 1.1205541493887023, 0.9726979613194623, 726.4823259059692, 1.0711285417541139, 1.1634673198941838, 1.0783022710071652, 1.122011508625331, 0.9340533569418342
5.539887337788108, 1.0000008355285808, 1.6629481255242786, 0.8989109614322434, 5.352253285614426, 0.7410668471244042, 1.9325629423385873, 1.164434629595334, 0.9093402169823841, 2.415828103332355, 4.827335849830751, 1.1259300066300215, 3.837474221834187, 0.9034042215104573, 1.0900008398162018, 1.0084238501365348, 1.0028282314473025, 0.8158674571895282, 3.0841430103389067, 1.0276413733996002, 0.9726705329511285, 789.904003684986, 1.0141946200492782, 2.6346765903885823, 1.2328859230739102, 4.688093229588598, 1.1884853449988162
3.046602226484837, 1.0000002648641568, 1.0693926205083923, 1.204979343977886, 6.306723643800525, 0.9481854674183827, 2.5858986965207595, 1.005506063045117, 0.9893697390229712, 2.4599005203543887, 5.059125859922794, 1.0577770325234264, 3.7450855282161486, 1.182093501303, 1.090000409696549, 1.0524976482620942, 1.0156187067441171, 1.1789562937493114, 3.709552716320771, 1.1021900502320947, 0.9981988113734762, 938.7894534088839, 1.0656549069537957, 2.376299088311756, 1.2220305944947654, 3.0631300230142626, 1.1521471265098748
1.9497308897613195, 1.0000003178938885, 1.446531606303937, 1.1402444397345257, 6.070033894233247, 0.9447882320786318, 1.7674593676384256, 1.0790351662177426, 0.9109968713932869, 3.661395022474564, 6.175528775947962, 1.010500995775168, 3.920888813495198, 1.0510720492045873, 1.0900003214671867, 1.0187590195771463, 1.0414781574164076, 0.9862695561612921, 7.885936408670787, 0.9440013599554018, 0.7812217328456433, 311.94717877885165, 1.0262567639293996, 3.9108965291124638, 1.2086770391357433, 4.45594089144597, 0.9355980885231703
4.1684455942406995, 1.00000092020783, 1.4461268285023519, 0.9617984227793875, 3.7848980518659117, 0.9382528044019002, 5.628430071413707, 1.0981724294447759, 0.916467187017499, 3.4045922536312085, 4.906450131358294, 0.8269622235425383, 2.061488636003404, 0.9625563284507397, 1.0900001758647786, 1.0955934353386705, 1.0026711928268477, 0.8751813443718341, 5.550572280560664, 0.9629359045154803, 0.7643652324129325, 189.33623590093066, 1.012866323298782, 5.173242281002622, 0.9666030079425748, 4.322741223890349, 0.872938147105229
3.4837052559906763, 1.0000006637211114, 1.0802575815188962, 0.9352907106840043, 6.803817058007333, 0.861376743469542, 2.0599639369447598, 1.0897714225560824, 0.9261702821544185, 5.0497838531711565, 5.154803223457883, 1.2005325683016883, 3.3839976435532035, 1.1124433324859884, 1.0900000017014562, 1.0356926629154712, 1.0367565585051832, 1.1572016450689846, 5.183649554181108, 0.9849164180376838, 0.9911724101807745, 631.1452276937006, 0.9988066138869884, 2.846333026041615, 1.1526470348068127, 4.584787457691945, 1.0887248231564355
4.695322194039747, 1.000000990835568, 1.2329324568337916, 1.1115788599214669, 5.149351485350345, 0.8586243288994415, 2.8804930943434255, 1.1722783867247384, 0.930206058932865, 1.8968483003037222, 5.049665130490502, 0.8640797317488147, 1.1937853184806906, 0.8788977053655225, 1.09000018191098, 1.0993249400392222, 1.0194997569021913, 1.207827275043422, 7.960788845286228, 0.9499147851099173, 0.8217774961245334, 216.4844115784177, 1.1495951542731924, 3.6043833679135107, 1.1984766654428223, 4.708385717156799, 1.2129045718252394
2.748916455940548, 1.0000006403608217, 1.1350700362372412, 1.1170930219657609, 6.041431843355287, 0.9041352122935348, 5.566162324915034, 1.0578527081645852, 0.9204442013081925, 5.021242951914891, 5.817552706081429, 0.8682295279241927, 3.7216313983700937, 1.2892341867189683, 1.0900000246199615, 1.0272289988179482, 1.0165908195514972, 0.9238276110052781, 7.6353454789808355, 1.0403613710250674, 0.8363427955308275, 858.376528189183, 1.072418428730317, 3.5355511938272683, 1.1035322743007996, 1.3373153563006426, 0.9994639689044953
